qid,youtube_url,question,question_prompt,A,B,C,D,E
0008-7,https://www.youtube.com/shorts/sj81PWrerDk,How does the last person in the video open the bottle differently from the first two people?,Select one best answer to the question below:,He uses a different type of knife.,He uses a corkscrew.,He uses a bottle opener.,He uses his finger.,None of the above
0012-7,https://www.youtube.com/shorts/AGCyLqLuUJ0,How many robot figures are shown in the video?,Select one best answer to the question below:,Two,Three,Four,Five,None of the above
0016-7,https://www.youtube.com/shorts/4mKxze5P9gQ,Which direction is the person facing?,Select one best answer to the question below:,To the right,right and forward,left and forward,To the left,None of the above
0036-7,https://www.youtube.com/shorts/1SiTuYb506o,Why can the machine cut the zucchini so thinly?,Select one best answer to the question below:,"The blades spin at high speed, and the stroboscopic effect makes it appear slow.",The machine uses a laser to cut.,The zucchini is fed consistently and controlled.,The blade is sharp enough to cut at a slower speed.,None of the above
0037-7,https://www.youtube.com/shorts/KyyDh9NP_lc,How many parts of the video have been artificially edited?,Select one best answer to the question below:,Five,One,None,Two,None of the above
0038-7,https://www.youtube.com/shorts/sj81PWrerDk,How did the last person snap off the cap so easily?,Select one best answer to the question below:,They used a knife to create leverage.,"They had a knife hidden in their sleeve, which they used to cut the cap off.",They made a shallow cut around the bottle's mouth.,They were using a knife to twist and break the cap.,None of the above
0064-7,https://www.youtube.com/shorts/sE-KTqE9Dek,Why did the room go dark after the stick figure character closed the door?,Select one best answer to the question below:,The lamp fell due to force.,The light switch was hit.,The stick figure character closed the door.,The stick figure character turned off the light switch.,None of the above
0070-7,https://www.youtube.com/shorts/MSkL7A2yyOY,How many times did the person in the video pour the water?,Select one best answer to the question below:,Once,Three times,Four times,Twice,None of the above
0080-7,https://www.youtube.com/shorts/_MXxJT8Mk4k,What is the purpose of beating the balloon?,Select one best answer to the question below:,To inflate the balloon,To pop it,To deflate it,To change its color,None of the above
0081-7,https://www.youtube.com/shorts/crJZF1-5ryE,Why does the man put his hand on his face?,Select one best answer to the question below:,To adjust his glasses.,To hide from the camera.,As part of a synchronized dance move.,To transfer the cat face filter to the girl next to him.,None of the above
0083-7,https://www.youtube.com/shorts/Z-x3kXiyOFc,Why does the daughter enter the room several times?,Select one best answer to the question below:,To announce the pet dog.,To show excitement about the pet.,To emphasize cultural differences.,To check if her mother is two-faced about the dog.,None of the above
0099-7,https://www.youtube.com/shorts/aUDYWYqtAR4,How many zoomed-in close-ups are there in the video?,Select one best answer to the question below:,2,4,3,1,None of the above
0101-7,https://www.youtube.com/shorts/FdkXmy42Qv8,In which sequence of location does the man teleport in the video?,Select one best answer to the question below:,"Bookshelf, Couch, Blanket, Cardboard Box","Bookshelf, Couch, Cardboard Box, Blanket","Bookshelf, Couch, Cardboard Box, Door","Couch, Bookshelf, Cardboard Box, Blanket",None of the above
0113-7,https://www.youtube.com/shorts/2uuLeoxlZOo,How many buildings are demolished in the video?,Select one best answer to the question below:,Two,Three,Four,One,None of the above
0117-7,https://www.youtube.com/shorts/uupXcgeP0-w,How many toy cars are shown in the video?,Select one best answer to the question below:,Three,Four,Two,One,None of the above
0118-7,https://www.youtube.com/shorts/XlROzogZpVM,What action did the person take to make the bottle fall?,Select one best answer to the question below:,Pushed it with their hand.,Threw it down.,Kicked it.,Placed it on a slope and let go.,None of the above
0127-7,https://www.youtube.com/shorts/NmqIqJsdIuk,How many watches are shown in the video?,Select one best answer to the question below:,Six,Four,Three,Five,None of the above
0129-7,https://www.youtube.com/shorts/7t4cNOpTuCY,How many men appear in the video?,Select one best answer to the question below:,Three,One,Two,None,None of the above
0133-7,https://youtube.com/shorts/u2HvKEGq3Ik,What does the final scene depict?,Select one best answer to the question below:,A dance performance.,A juggling act.,A physics demonstration.,Three men jumping through a hula hoop.,None of the above
0142-7,https://youtube.com/shorts/rCW1aGpFrJg,What is the purpose of placing a small piece of white tape on the handrail?,Select one best answer to the question below:,To decorate the handrail.,To repair a crack.,To mark a point for tracking movement.,To attract dust on the armrests.,None of the above
0146-7,https://youtube.com/shorts/eU5I-p1HcUs,How many times does the car's color change in the video?,Select one best answer to the question below:,Three times,Four times,Five times,Two times,None of the above
0151-7,https://youtube.com/shorts/lfitOyblkDQ,What is the person in the video wearing while holding a potato?,Select one best answer to the question below:,Blue shirt,Red shirt,Light pink hoodie and blue jeans,Black cap,None of the above
0152-7,https://youtube.com/shorts/4ocqfNvvI_w,What tool is used to fix the pages in the video?,Select one best answer to the question below:,Clamp,Elastic bands,Rubber band,Bendable retainer,None of the above
0154-7,https://youtube.com/shorts/PH3yeSEgiGE,With which hand does the man hand the white cutting board to the child?,Select one best answer to the question below:,Neither hand,Left hand,Right hand,Both hands,None of the above
0162-7,https://www.youtube.com/shorts/mLbuK7IU7_Y,How many times does the golfer successfully hit the target in the video?,Select one best answer to the question below:,0,1,10,5,None of the above
0167-7,https://www.youtube.com/shorts/C2JNR1EVPyM,Why is the woman surprised in the video?,Select one best answer to the question below:,The pencil was bent.,The pencil remains unbroken.,The pencil is broken.,The man performs a magic trick.,None of the above
0169-7,https://www.youtube.com/shorts/fk5kAJj5io0,How many times does the woman pour juice into the mold in the video?,Select one best answer to the question below:,Twice,Once,Three times,Four times,None of the above
0179-7,https://youtube.com/shorts/boEKlG35qHM,How many times does the person cut the stem?,Select one best answer to the question below:,Twice,5 times,Once,10 times,None of the above
0198-7,https://www.youtube.com/shorts/j3cE7hoF5aI,How many photos labeled 'old me' are in the video?,Select one best answer to the question below:,12,11,10,13,None of the above
0217-7,https://www.youtube.com/shorts/C9yerI1NK7M,How long did the time lapse of the capillary action demonstration last in the video?,Select one best answer to the question below:,2 hours,1 hour and 15 minutes,3 hours,45 minutes,None of the above
0242-7,https://www.youtube.com/shorts/tyz-WC0YVco,What made the two orange cats jump away in the kitchen scene?,Select one best answer to the question below:,A toy snake,A loud noise,A sudden light,A party blower,None of the above
0248-7,https://youtube.com/shorts/jfE_el65Sv0,What is the person in the foreground doing?,Select one best answer to the question below:,Applying makeup,Painting a image,Taking a shower,Sleeping,None of the above
0251-7,https://youtube.com/shorts/-HAFFvsDCr4,Why does the ball fall off the disc at the end of the video?,Select one best answer to the question below:,The disc stops spinning.,"A girl throws the ball, and inertia carries it to the edge.",The straw figures have moved and pushed it off.,The disc is tilted.,None of the above
0256-7,https://www.youtube.com/shorts/uPIpFgh_DPU,How many times does the ping-pong ball bounce on the ground before entering the cup?,Select one best answer to the question below:,13,10,19,17,None of the above
0259-7,https://www.youtube.com/shorts/rVfKtPLVaLw,Which hand did the man use to throw away his hat?,Select one best answer to the question below:,Both hands,Neither hand,Left hand,Right hand,None of the above
0266-7,https://www.youtube.com/shorts/9yC-paTJvkE,Which thumb is the yellow rubber band fully looped around?,Select one best answer to the question below:,Neither thumb,Both thumbs,Right thumb,Left thumb,None of the above
0267-7,https://www.youtube.com/shorts/Drp2PBktp7U,What is the first person in the video doing?,Select one best answer to the question below:,Laying down on a basketball court.,Sitting on the ground.,Jumping in the air.,Running across the court.,None of the above
0273-7,https://www.youtube.com/shorts/zn3MNXMIdDk,What color is facing up on the solved Rubik's Cube?,Select one best answer to the question below:,Yellow,White,Blue,Green,None of the above
0274-7,https://www.youtube.com/shorts/GYTGrhKbo0g,How many people are in the video?,Select one best answer to the question below:,Six,Eight,Seven,Five,None of the above
0276-7,https://www.youtube.com/shorts/PZad6gF_4Kk,What techniques are used to create the illusion of the pen passing under the cube?,Select one best answer to the question below:,Only skillful drawing and perspective,Video editing effects and skillful drawing,None of the above,Only video editing effects,None of the above
0278-7,https://www.youtube.com/shorts/JsAcQsidyIA,What color is the writing on the paper in the video?,Select one best answer to the question below:,Orange,Blue,Red,Green,None of the above
0288-7,https://www.youtube.com/shorts/CiUsdzLLbuE,Which knife is not easy to use in the video?,Select one best answer to the question below:,The one with a wooden handle.,The one with the darker black part.,The one used at the end.,The one used to cut through the large bone.,None of the above
0291-7,https://www.youtube.com/shorts/-M7VdrQpWps,What caused the rotational movement of the metal rod?,Select one best answer to the question below:,The interaction between the electric field and the metal rod.,The electromagnetic force generated by the Tesla coil.,A human plucking it and electric field forces.,The electric current flowing through it,None of the above
0292-7,https://www.youtube.com/shorts/Kv7s88uX0ek,How many vehicles are behind the bus?,Select one best answer to the question below:,One,None,Three,Two,None of the above
0295-7,https://www.youtube.com/shorts/uXbIuOImCmM,How many methods did the person with the yellow bag try?,Select one best answer to the question below:,Three,Two,Four,One,None of the above
0296-7,https://www.youtube.com/shorts/uAzw77AjDyc,Why doesn't the man catch the blue pants on his first attempt?,Select one best answer to the question below:,He is not paying attention.,He is distracted by the children playing and loses focus.,They are not real pants.,They are hanging diagonally.,None of the above
0303-7,https://www.youtube.com/shorts/c1gl0Qahgdw,How does the man finally stop cycling?,Select one best answer to the question below:,By riding into a wall.,By dismounting and walking away.,By jumping off his bike and crashing into a cushion.,By slowing down and stepping off.,None of the above
0304-7,https://www.youtube.com/shorts/bc-OoJrrMuk,How many layers of paper does the person initially write on?,Select one best answer to the question below:,Two,Three,Four,One,None of the above
0308-7,https://www.youtube.com/shorts/R0f1qMFBemA,What is the first military aircraft doing?,Select one best answer to the question below:,Taking off from the aircraft carrier.,Performing aerial maneuvers.,Attempting to land on the aircraft carrier.,Refueling mid-air.,None of the above
0313-7,https://www.youtube.com/shorts/0pWDMjpDKKQ,How many compartments do the products occupy on the shelf at the end of the video?,Select one best answer to the question below:,8,9,11,10,None of the above
0319-7,https://www.youtube.com/shorts/NqMmfmsclrE,Where does the ball exit at the end of the video?,Select one best answer to the question below:,Path A,Path B,Path D,Path C,None of the above
0320-7,https://www.youtube.com/shorts/1edFyMQdMHA,How does the last person jump?,Select one best answer to the question below:,Onto a tire,Fly over the railing,Over a low wall,Over a fence using parkour,None of the above
0321-7,https://www.youtube.com/shorts/shh15L-O8KE,What are the people in the group doing?,Select one best answer to the question below:,Filming a video with hand gestures,Playing a game,Taking a picture together,Dancing,None of the above
0325-7,https://www.youtube.com/shorts/gmMnqrmYNFU,How many times did the rider flip and jump in the air while crossing obstacles?,Select one best answer to the question below:,Seven times,Eight times,Ten times,Three times,None of the above
0334-7,https://www.youtube.com/shorts/VoyvvpcrUgo,Which scene in the video is not real?,Select one best answer to the question below:,Water bottle pouring a waterfall,Key fitting into the archway,Hanger holding up the bridge,Pencil erasing the road,None of the above
0340-7,https://www.youtube.com/shorts/XK7kH7pxTcE,How many drainage channels are visible in the video?,Select one best answer to the question below:,Four,Two,Three,Five,None of the above
0357-7,https://www.youtube.com/shorts/ZQQ6XGuLtyU,What is the person who opens the third hidden item wearing?,Select one best answer to the question below:,A black jacket,A white texuture T-shirt,A white T-shirt,A pink t-shirt with green text,None of the above
0358-7,https://www.youtube.com/shorts/vln9tIS2yWg,Why didn't the woman in white fall on the trampoline?,Select one best answer to the question below:,The man behind her didn't push her.,She jumped off herself.,She was scared of the trampoline.,She was too far from the edge.,None of the above
0368-7,https://www.youtube.com/shorts/XeUbzTntoW0,How many scenarios did the man show between the adult and the toddler?,Select one best answer to the question below:,Ten,Twelve,Six,Eight,None of the above
0370-7,https://www.youtube.com/shorts/IuGYdIRjKlI,How many girls are holding swords at the beginning of the video?,Select one best answer to the question below:,Three,Two,Five,Four,None of the above
0372-7,https://www.youtube.com/shorts/kFAs3nZoKps,What happens at the end of the video?,Select one best answer to the question below:,The girl misses the basket entirely.,The girl throws the ball from a distance.,The girl successfully dunks the basketball.,The girl pretends to dunk by hanging on the basket.,None of the above
0374-7,https://www.youtube.com/shorts/DdJG14Fc4Tw,What was used to perform the magic trick in the first part of the video?,Select one best answer to the question below:,A balloon and a string,A balloon and a coin,A red balloon only,A balloon and an extra knot,None of the above
0377-7,https://www.youtube.com/shorts/Jh-E3fZYRJ4,Whose hand is on the woman's shoulder in the second part of the video?,Select one best answer to the question below:,The woman herself.,The person sitting next to her.,A person standing far away.,The man behind her.,None of the above
0410-7,https://youtube.com/shorts/ZQQ6XGuLtyU,What happens after the sixth cotton candy dissolves?,Select one best answer to the question below:,A banana appears.,A stack of money appears.,A phone is revealed.,Nothing is found.,None of the above
0416-7,https://youtube.com/shorts/b7h58LOBMcE,Why was the man performing the trick surprised?,Select one best answer to the question below:,The egg reappeared in unexpected places.,The table moved.,The cup changed color.,The ball he placed under the cup disappeared.,None of the above
0417-7,https://youtube.com/shorts/KwKJ6gtOGpQ,Why is the person on the left trying hard not to laugh?,Select one best answer to the question below:,It's not funny,His discontent,The seriousness of the occasion,He's scared.,None of the above
0420-7,https://youtube.com/shorts/CsIEwEA0fQs,Why did the cat win the 'which hand' game?,Select one best answer to the question below:,It chose the right hand.,It chose both hands.,It didn't choose any hand.,It chose the left hand.,None of the above
0427-7,https://youtube.com/shorts/c0YNnrHBARc,How did the man create the illusion of taking out a whole watermelon?,Select one best answer to the question below:,By using a mirror to reflect the whole watermelon.,By using a clever trick with a hollowed rind.,By using a special knife to cut seamlessly.,Use mirror reflection and video editing techniques.,None of the above
0430-7,https://youtube.com/shorts/ZGcot5Kgock,What was the actual cause of the phone's damage in the video?,Select one best answer to the question below:,Dropping the phone.,Overcharging with a hand-crank charger.,Video editing effects.,Water damage.,None of the above
0432-7,https://www.youtube.com/shorts/YRgXg-FY49o,Where do the last few targets come from?,Select one best answer to the question below:,The person next to the shooter throwing orange clay targets.,The shell that flew out of the ejection hatch of the gun,Random objects thrown by the woman.,Black object coming from the sky.,None of the above
0435-7,https://www.youtube.com/shorts/niZZ5bP5Zvs,Which swing of the man's sword hit the target made of bundled straw mats?,Select one best answer to the question below:,Fourth swing,Third swing,First swing,Second swing,None of the above
0439-7,https://www.youtube.com/shorts/L4pEorJZ1a0,What does the man light in the video?,Select one best answer to the question below:,A small torch,A pile of thin candles,A piece of paper,A stack of matches,None of the above
0441-7,https://www.youtube.com/shorts/3Ts9BX6AKuU,What is the state of the muscular man's legs during the run?,Select one best answer to the question below:,Both legs moving in a straight line,"Left leg in spot jogging, right calf bent back",Left and right legs alternate in their movement,High knee lifts with a forward thrust,None of the above
0452-7,https://www.youtube.com/shorts/BglTrmS3UfI,What are the characteristics of the dancer's legs?,Select one best answer to the question below:,Both legs are powerful and strong.,Both legs are agile and quick.,"The left leg is disabled, and the right leg is healthy.","The right leg is disabled, and the left leg is healthy.",None of the above
0456-7,https://www.youtube.com/shorts/-Tf9VMl4krk,How many nails did the man use in the experiment?,Select one best answer to the question below:,2.,10,14,6,None of the above
0463-7,https://youtube.com/shorts/aoE98e_FlYQ,When does the counter start counting?,Select one best answer to the question below:,The third throw,The second throw .,The fourth throw,The first throw,None of the above
0466-7,https://www.youtube.com/shorts/_TrCxTyakH0,How many optical illusion images are shown in the video?,Select one best answer to the question below:,5,6,4,7,None of the above
0468-7,https://www.youtube.com/shorts/Se8JkJUt7YE,Which person in the video successfully walked down the stairs?,Select one best answer to the question below:,The first person,The second person,None of them,Both persons,None of the above
0494-7,https://www.youtube.com/shorts/RBz8pTO0ySw,How many kinds of scissors were used in the video?,Select one best answer to the question below:,Three,Four,One,Two,None of the above
0500-7,https://www.youtube.com/shorts/nBaWVmaLh1A,How many ping-pong balls are in the video?,Select one best answer to the question below:,Two,Three,Four,One,None of the above
0501-7,https://www.youtube.com/shorts/fyq0pd_pFvE,How many dumplings does the man in purple have on his plate?,Select one best answer to the question below:,6,2,5,10,None of the above
0512-7,https://www.youtube.com/shorts/FkNdEfxYYc4,How many pots did the ping-pong ball hit at the beginning of the video?,Select one best answer to the question below:,Seven,Five,Two,Ten,None of the above
0520-7,https://www.youtube.com/shorts/SdvMPe6XF7w,Which letters require the minimum number of people to form?,Select one best answer to the question below:,W,I,"I', 'L', 'O', and 'V'",All of the above,None of the above
0522-7,https://www.youtube.com/shorts/rujdEa3MVYo,How many men in hats are seen in the video?,Select one best answer to the question below:,Three,Four,One,Two,None of the above
0525-7,https://www.youtube.com/shorts/Ai4fCLMGL9Y,How many legs does the person not in the wheelchair have?,Select one best answer to the question below:,One leg,Two legs,Three legs,No legs,None of the above
0526-7,https://www.youtube.com/shorts/Z5jKO_Qql30,How many lighters is the man holding in the second video?,Select one best answer to the question below:,Three,Two,Four,One,None of the above
0530-7,https://www.youtube.com/shorts/yzlFm0LpRpM,Which ball did the man in blue kick in the fifth scene?,Select one best answer to the question below:,Bottom ball,Top ball,Middle ball,,None of the above
0539-7,https://www.youtube.com/shorts/HXeyvC8MeBU,How many people not in a car are scared by the masked person in the video?,Select one best answer to the question below:,Four,Six,Five,Seven,None of the above
0541-7,https://www.youtube.com/shorts/zb6Bnsm3_zo,How many teeth are visible throughout the video?,Select one best answer to the question below:,12,8,9,10,None of the above
0542-7,https://www.youtube.com/shorts/5mFcSiUxAus,Which scene in the video serves as a metaphor for the passage of time during the bread's cooking?,Select one best answer to the question below:,The person cooking over a fire.,The person walking through a forest.,The person bathing under a waterfall.,"The person sitting under a waterfall, appearing to meditate.",None of the above
0548-7,https://www.youtube.com/shorts/m8tfdmm3g2A,What is the second thing the man clips with a car window?,Select one best answer to the question below:,Sausage,Cucumber,Apple,Carrot,None of the above
0551-7,https://www.youtube.com/shorts/HsXS1Qt11cU,What is the state of the switches on the wall in the scene with the woman kneeling?,Select one best answer to the question below:,Both are on.,Both are off.,Both are in the middle position.,"One is on, and one is off.",None of the above
0552-7,https://www.youtube.com/shorts/lAmfy5J8iEA,How many slices of bread are on the plate that the person in the kitchen is carrying?,Select one best answer to the question below:,Four slices,Five slices,Two slices,Three pairs of slices,None of the above
0561-7,https://www.youtube.com/shorts/PPLTAZ2pBK0,How many times does the man's watch appear in the video?,Select one best answer to the question below:,3,2,7,10,None of the above
0566-7,https://www.youtube.com/watch?v=jyXFmTycx_k,What do the scenes with the broken pot of plant symbolize?,Select one best answer to the question below:,The beauty of nature.,The mess and unsatisfactory cleaning process of using rolled toilet paper.,The durability of the pot.,The effectiveness of Neve toilet paper and wipes.,None of the above
0567-7,https://www.youtube.com/shorts/trYIAMCLeOs,What is the hair color of the third person in the video?,Select one best answer to the question below:,Black,Blonde with dark roots,Red,Brown,None of the above
0571-7,https://www.youtube.com/shorts/ragJEXeqcbE,Where is the man's ring worn in the video?,Select one best answer to the question below:,Ring finger of his right hand,Index finger of his right hand,Thumb of his left hand,Middle finger of his left hand,None of the above
0575-7,https://www.youtube.com/shorts/xW8pfZ5WpNQ,What is the little girl wearing on her feet?,Select one best answer to the question below:,Two pink flip-flops,Barefoot,Two phones with pink cases,One pink flip flop and a phone with a pink slipper case,None of the above
0576-7,https://www.youtube.com/shorts/3bisVkxCA0c,Which individual uses a belt in the video?,Select one best answer to the question below:,Neither,Both,Millennial,GEN-Z,None of the above
0578-7,https://www.youtube.com/shorts/_hkdNurB1Fk,How many people are in the video?,Select one best answer to the question below:,10,8,12,6,None of the above
0580-7,https://www.youtube.com/shorts/85l_AvYt-XE,How many steps did the girl run before reaching the top?,Select one best answer to the question below:,Three,Four,Five,Six,None of the above
0588-7,https://www.youtube.com/shorts/y5lL-l01ujA,How many drawers are on the desk with the globe?,Select one best answer to the question below:,Four,Five,Three,Six,None of the above
0589-7,https://www.youtube.com/shorts/CltBandLYjM,How much chocolate was left uneaten at the six-hour mark?,Select one best answer to the question below:,Half,A quarter,None,All,None of the above
0590-7,https://www.youtube.com/shorts/bbiCkBWaOL8,What made the man in the black jacket scream at the end of the video?,Select one best answer to the question below:,He saw a scary movie scene.,A spider toy was put in his face.,He stepped on sharp objects.,He heard a loud noise.,None of the above
0595-7,https://www.youtube.com/shorts/7tVlEGngX0s,What kinds of items did the boy score with in the video?,Select one best answer to the question below:,"Soccer ball, Rugby ball, Tennis ball","Baseball, Volleyball, Tennis ball","Blue exercise ball, Volleyball, Baseball","Blue exercise ball, Soccer ball, Tennis ball",None of the above
0597-7,https://www.youtube.com/shorts/c4LTFnR3F0w,What is the person holding the camera in the video wearing?,Select one best answer to the question below:,A blue t-shirt,A light gray t-shirt,A red jacket,A light gray jacket,None of the above
0600-7,https://www.youtube.com/shorts/UuJQx4Z8zG4,Where did the orange ball hit the boy?,Select one best answer to the question below:,On his back,On his arm,On his head,On his leg,None of the above
0603-7,https://www.youtube.com/shorts/mgULlk8dagE,What is the person who failed twice and lost the heart-shaped pattern wearing?,Select one best answer to the question below:,A blue shirt and dark blue pants,A blue shirt and white pants,A red shirt with a white 'm' logo and black pants,A blue shirt with a white 'm' logo and black pants,None of the above
0607-7,https://www.youtube.com/shorts/7pTwqG9VM7o,Where is the man in the video standing?,Select one best answer to the question below:,hanging upside down from the ceiling,On the ground made to look like a ceiling,On the ceiling using equipment,On a wall using suction cups,None of the above
0609-7,https://www.youtube.com/shorts/MlPYPW1_a0U,How is the elimination process determined in the video?,Select one best answer to the question below:,Participants are eliminated if they keep hands still while the ball is still held by the carrier.,The person holding the ball when it stops is eliminated.,Participants are eliminated if they move their hands while the ball is still held by the carrier.,The person who is hitted by the ball is eliminated .,None of the above
0610-7,https://www.youtube.com/shorts/Ldcs4Venq1Q,Why did the woman throw the package out of the window?,Select one best answer to the question below:,She was preventing the men from getting it.,She wanted the two men to help her put it in the mailbox.,She was trying to get rid of it quickly.,She was frustrated with it.,None of the above
0612-7,https://www.youtube.com/shorts/qUCG8W5hMdw,Why does the person divide the paper into two parts?,Select one best answer to the question below:,To prove $300 pencils can draw better than $0 pencils.,To compare $0 pencils with $300 pencils without any specific tools.,To prove $0 pencils can draw better than $300 pencils.,To compare $0 pencils with $300 pencils using non-drawing tools.,None of the above
0614-7,https://www.youtube.com/shorts/JOd2FBcirwk,Why are the man's hands trembling while he is eating?,Select one best answer to the question below:,Essential tremor,Pretending to have a disability,Nervousness,Excitement,None of the above
0616-7,https://www.youtube.com/shorts/PN2XQBfWV2M,Which ball reaches the finish line first?,Select one best answer to the question below:,White,Red,Black,Blue,None of the above
0620-7,https://www.youtube.com/shorts/7pTwqG9VM7o,Where is the man in the video standing?,Select one best answer to the question below:,On the ground made to look like a ceiling,On the ceiling using equipment,Floating in mid-air,On a wall using suction cups,None of the above
0621-7,https://www.youtube.com/shorts/9SzIZz1CDcc,Which foot is placed against the wall first in the video?,Select one best answer to the question below:,Right foot,Neither foot,Left foot,Both feet simultaneously,None of the above
0625-7,https://www.youtube.com/shorts/yQ2YZQhvc2c,What is the path of the second ball's displacement?,Select one best answer to the question below:,Horizontal groove,Zigzag path,Circular track,Vertical groove,None of the above
0627-7,https://www.youtube.com/shorts/pUIkzB8KebU,Who changed position in the video?,Select one best answer to the question below:,The woman.,The little boy.,The photographer.,The dinosaur.,None of the above
0633-7,https://www.youtube.com/shorts/jI5XO3aa5_g,What is the direction of the wheels of the black car at the end of the video?,Select one best answer to the question below:,Not moving,Forward,Sideways,In reverse,None of the above
0643-7,https://www.youtube.com/shorts/KwKJ6gtOGpQ,What is the wind direction on that day based on the video?,Select one best answer to the question below:,From top to bottom,From bottom to top,From the left to the right,From the right to the left,None of the above
0645-7,https://www.youtube.com/shorts/7mm85XogfLw,Where is the left end of the scarf located at the end of the video?,Select one best answer to the question below:,Center,Left side,Not visible,Right side,None of the above
0652-7,https://www.youtube.com/shorts/o77rfiYxaz8,What happened to the car after the spin?,Select one best answer to the question below:,It ended up in the innermost lane facing the correct direction.,It returned to its original lane and continued driving.,It is in the same position it started in.,It moved from the left lane to the right lane.,None of the above
0655-7,https://www.youtube.com/shorts/tc_u7WlfrfU,Which is faster in the video?,Select one best answer to the question below:,The camera,Neither is moving,The truck,Both are the same speed,None of the above
0658-7,https://www.youtube.com/shorts/i1ki36EMLp8,Who is faster during the race?,Select one best answer to the question below:,The rider in the black outfit,Neither is fast,Both are equally fast,The rider in the white outfit,None of the above
0664-7,https://www.youtube.com/shorts/v02xe4_I5uY,How many times did the woman roll the dice?,Select one best answer to the question below:,3,10,12,9,None of the above
0667-7,https://www.youtube.com/shorts/oI--S1dz9EM,How many people participated in the challenge in the video?,Select one best answer to the question below:,Eight,Seven,Six,Five,None of the above
0670-7,https://www.youtube.com/shorts/CCmVxAlwuo0,How many children jumped into the water in the video?,Select one best answer to the question below:,Four,Three,One,Two,None of the above
0673-7,https://www.youtube.com/shorts/nfCZqSebCuE,How many buckets of real popcorn are shown in the video?,Select one best answer to the question below:,Two,One,Three,Four,None of the above
0675-7,https://www.youtube.com/shorts/wsPyV3igUG4,How did the man on the left feel after the magic tricks were revealed?,Select one best answer to the question below:,A sense of satisfaction,Amused and impressed,Displeased because he was exposed,Amused,None of the above
0679-7,https://www.youtube.com/shorts/K7T7JYxlcPo,How does the woman in the white tank top feel at the end of the video?,Select one best answer to the question below:,Indifferent,Surprised,Upset,Annoyed,None of the above
0689-7,https://www.youtube.com/shorts/vwajGCpsoJ0,Why did the man in the purple T-shirt change the lock screen wallpaper to his own photo?,Select one best answer to the question below:,As a prank.,To make the other man think the phone was his.,To record a funny video.,To surprise the other man.,None of the above
0690-7,https://www.youtube.com/shorts/l2erI86JxzE,Why is the child lying on the ground?,Select one best answer to the question below:,To sleep.,To play with toys.,To secretly get money.,To relax.,None of the above
0695-7,https://www.youtube.com/shorts/DN-gN9LaFGg,Who won the cup matching game?,Select one best answer to the question below:,The woman,The man,It was a tie,Neither of them,None of the above
0706-7,https://www.youtube.com/shorts/zLAwp0V1vng,What is the purpose of the man's actions in the first half of the video?,Select one best answer to the question below:,Setting up a camera on a tripod,Shooting video material for the second half,Demonstrating moves for social media,Practicing martial arts,None of the above
0707-7,https://www.youtube.com/shorts/VGmKsn6gx50,What is the purpose of the person running towards the camera?,Select one best answer to the question below:,To show the drink up close for post-production,To review the beverage,To engage the audience,To create a dynamic introduction,None of the above
0708-7,https://www.youtube.com/shorts/dIKw3x7iLUo,Why did the cat scream in the last shot?,Select one best answer to the question below:,It was scared of the water.,It was upset about the mess in the bathtub.,"It thought it had destroyed all the bath products, but more were brought out.",It was hungry.,None of the above
0721-7,https://www.youtube.com/shorts/ir89-1OXw5U,What is the man in sunglasses holding in his hand?,Select one best answer to the question below:,A potato chip,Nothing,A plane,A sail,None of the above
0723-7,https://www.youtube.com/shorts/pUIkzB8KebU,Why does the little monster in the video appear to be active?,Select one best answer to the question below:,It is a robotic creature.,It is being manipulated by a person.,It is animated using CGI.,It is painted on a concave surface creating an optical illusion.,None of the above
0724-7,https://www.youtube.com/shorts/9Iof4qwbrwQ,Why does the pen pass through the banknote without breaking it?,Select one best answer to the question below:,The pen is very sharp.,The pen has a hidden mechanism.,The bill is specially folded.,The banknote is made of special material.,None of the above
0725-7,https://www.youtube.com/shorts/PVMqxKAXDQo,Why does the drink level in the bottle decrease?,Select one best answer to the question below:,The balloon inside the bottle is deflating.,The drink is evaporating.,It is being consumed through a straw.,The bottle has a leak.,None of the above
0729-7,https://www.youtube.com/shorts/fj2WYT0qBWA,Which color of the long strips is the longest in the video?,Select one best answer to the question below:,Black,Red,Green,Blue,None of the above
0731-7,https://www.youtube.com/shorts/oSyWpIh4vF8,What does the old man's nose resemble in the image?,Select one best answer to the question below:,A mermaid sitting on a reef,A tree branch,A bird's head and beak,A mountain peak,None of the above
0735-7,https://www.youtube.com/shorts/fBExhFE2-ew,How was the scenery on the artboard created in the second segment?,Select one best answer to the question below:,Printed on the canvas,Reflected by a mirror,Projected with a light,Painted by an artist,None of the above
0738-7,https://www.youtube.com/shorts/YpwGoqs1zjA,How did the man in the video film the sky changing from black to bright?,Select one best answer to the question below:,By adjusting the brightness or exposure settings.,By using a time-lapse feature.,By changing the camera angle.,By using a filter.,None of the above
0740-7,https://www.youtube.com/shorts/AoUnw7jcHhg,What is the third step in the calculation process for the first math problem?,Select one best answer to the question below:,Performing the division of 8 Ã· 2,Performing the subtraction of 8 - 4,Performing the addition of 2 + 2,Performing the multiplication of 4 Ã— 4,None of the above
0742-7,https://www.youtube.com/shorts/LiP7IkD0-fk,What is the value of x in the diagram?,Select one best answer to the question below:,45,18,25,90,None of the above
0743-7,https://www.youtube.com/shorts/Db26nmr_95c,What is the answer to the third math question in the video?,Select one best answer to the question below:,25,28,26,27,None of the above
0749-7,https://www.youtube.com/shorts/FBXl4t_t0aM,"In the first physics experiment, what substances can pass through the sieve?",Select one best answer to the question below:,Smaller particles like liquid,None of the above,Only the white powder,Rice and a yellow coarse grain,None of the above
0755-7,https://www.youtube.com/shorts/HsXS1Qt11cU,What is the material of the sponge in the video?,Select one best answer to the question below:,Synthetic materials,Edible material like cake,Plastic,Metal,None of the above
0757-7,https://www.youtube.com/shorts/as--BPL2gRQ,Which foot of the boy in red is in the pit?,Select one best answer to the question below:,Left foot,Right foot,Both feet,Neither foot,None of the above
0762-7,https://www.youtube.com/shorts/Jo7sfpeWqwE,What is the second boat made of?,Select one best answer to the question below:,Wood,Mattress,Paper,Plastic,None of the above
0763-7,https://www.youtube.com/shorts/XNYK4k7hq3Y,Which canned Coke is real?,Select one best answer to the question below:,The one taken away.,Neither is real.,Both are real.,The one still in the picture.,None of the above
0766-7,https://www.youtube.com/shorts/eoeIl02oH90,Which shoulder did the archer use to release the bow?,Select one best answer to the question below:,Both shoulders,Neither shoulder,Left shoulder,Right shoulder,None of the above
0777-7,https://www.youtube.com/shorts/LLo9u8GYUU0,How many trick shots are shown in the images?,Select one best answer to the question below:,10,12,14,8,None of the above
0779-7,https://www.youtube.com/shorts/jt3v-FRTbrY,How is the Penrose Triangle illusion achieved in the video?,Select one best answer to the question below:,By constructing a 3D convex object that appears as floating cubes.,By painting a triangle on a flat surface.,By aligning blocks to form a continuous triangle.,By using mirrors to reflect the shape.,None of the above
0790-7,https://www.youtube.com/shorts/HPoyer1Ix-o,How should the transparent sheet be adjusted to see the blue tube?,Select one best answer to the question below:,Rotate by 180 degrees.,Rotate by 45 degrees.,Do not rotate.,Rotate by 90 degrees.,None of the above
0794-7,https://www.youtube.com/shorts/pxtbNUqh3Sc,Who is the 'friend' mentioned in the caption?,Select one best answer to the question below:,The white cat leaving quickly at the beginning of the video.,The white cat leading another along a narrow ledge.,The cat with a black spot on its ear.,The balck dog.,None of the above
0803-7,https://www.youtube.com/shorts/L4pEorJZ1a0,What is burning in the video?,Select one best answer to the question below:,A bunch of candles,A small blue sponge-like object,A blue cylindrical object,A blue flame was burning on a blue wick,None of the above
0806-7,https://www.youtube.com/shorts/1dEijri97Qc,How many cables were bundled together in the video?,Select one best answer to the question below:,Four,Six,Three,Five,None of the above
0810-7,https://www.youtube.com/shorts/A-PdkbPZs6I,How many times did the sausage pop up from the holes?,Select one best answer to the question below:,Three times,Six times,Four times,Five times,None of the above
0812-7,https://www.youtube.com/shorts/5NgU4w_qPBg,How many times did the person try to place the toy into the drawer?,Select one best answer to the question below:,2,3,5,10,None of the above
0816-7,https://www.youtube.com/shorts/nqyt42Hj00Y,What did the person do in the second experiment?,Select one best answer to the question below:,Added more water,Sealed the bottle,Spun the bottle to create a vortex,Inserted a straw,None of the above
0818-7,https://www.youtube.com/shorts/1_OTyluZCcg,What is the little girl holding in her hand?,Select one best answer to the question below:,A book,A toy car,A small bottle,A piece of cash,None of the above
0827-7,https://www.youtube.com/shorts/yFHKF8TjT5o,How many real pandas are in the video?,Select one best answer to the question below:,Two,None,One,Three,None of the above
0833-7,https://www.youtube.com/shorts/E2ILLN8TiPA,What does the fourth segment of the photo series show?,Select one best answer to the question below:,A person holding a glass jar with a drink.,A person painting on a canvas.,A sunset over the ocean.,A man lying on the sand with his soul flying above him.,None of the above
0835-7,https://www.youtube.com/shorts/_tVCT7lNvM4,What is visible in the woman's mouth?,Select one best answer to the question below:,A dental appliance,A mouth guard,A silver tooth,A blue tongue stud,None of the above
0841-7,https://www.youtube.com/shorts/wfszvTxxLkk,Which eye did the woman wipe first with the parrot?,Select one best answer to the question below:,Left,Right,,,None of the above
0848-7,https://www.youtube.com/shorts/wzf8uN_7hNc,Which one is the real cat in the video?,Select one best answer to the question below:,The one that becomes bigger at the end of the video.,The one that appears darker.,The one at the bottom with a glossy shine.,The one on top casting a shadow.,None of the above
0854-7,https://www.youtube.com/shorts/Rjq4L_aIBh0,Why does the operator of the drop tower ride engage in conversation with the visitors?,Select one best answer to the question below:,To provide safety instructions.,To make them pay more,To make them feel more at ease.,To make them more nervous and scared.,None of the above
0857-7,https://www.youtube.com/shorts/POwncb1HzPQ,What scenario is the woman in the video imitating?,Select one best answer to the question below:,Being shot,Sleeping,Dancing,Fainting,None of the above
0858-7,https://www.youtube.com/shorts/3xCt7E3t3Pc,Which armrest did the man in the white short-sleeved shirt initially sit on?,Select one best answer to the question below:,Left armrest,Both armrests,Right armrest,No armrest,None of the above
0865-7,https://www.youtube.com/shorts/NnjqjqMFdA0,How many worms are visible at the end of the video?,Select one best answer to the question below:,Three,Two,None,One,None of the above
0868-7,https://www.youtube.com/shorts/XCkJcIeGhS0,What color is the tool that the person swings at the beginning of the video?,Select one best answer to the question below:,Green,Red,Silver-brownish,Blue,None of the above
0870-7,https://www.youtube.com/shorts/Po_UemYmEyg,Why did the man give his belongings to the photographer?,Select one best answer to the question below:,In exchange for food and drinks.,Because he was asked and wanted to help out of kindness.,To receive money.,To get shelter.,None of the above
0871-7,https://www.youtube.com/shorts/eFW0FRHH1u8,What is in the middle of the road?,Select one best answer to the question below:,A person holding two bags,A real child playing,A traffic cone,A chalk drawing of a young boy,None of the above
0872-7,https://www.youtube.com/shorts/6O-PTTfiq48,"After the man puts down two water bottle packs, which direction did he move the upper pack relative to the camera's perspective?",Select one best answer to the question below:,Backward,Right,Forward,Left,None of the above
0875-7,https://www.youtube.com/shorts/f3fywt6uJBM,How many cell phones are on the piano in the video?,Select one best answer to the question below:,None,Two,Three,One,None of the above
0879-7,https://www.youtube.com/shorts/WVtaMmL93Vs,What are the hair colors of the figures on the same plane physically?,Select one best answer to the question below:,Brunette and blonde,Black and white,White and black,Blonde and white,None of the above
0880-7,https://www.youtube.com/shorts/0cKKHnAmncI,What happens to the structure's direction when it is lifted?,Select one best answer to the question below:,It points in the opposite direction.,It points upwards.,It loses its directional illusion.,It spins around.,None of the above
0886-7,https://www.youtube.com/shorts/5QLh5ias93M,Where is the watch worn by the man in black?,Select one best answer to the question below:,On his ankle,Not wearing a watch,Left wrist,Right wrist,None of the above
0895-7,https://www.youtube.com/shorts/7hg7oglAyKc,What scene is shown after the smaller basketball is thrown?,Select one best answer to the question below:,A person shooting into a mini hoop.,A person shooting into a chainsaw-rim hoop.,A person missing a shot.,A person shooting into a regular hoop.,None of the above
0898-7,https://www.youtube.com/shorts/fD02ePuiOtU,In which direction did the man move the first pillow after it was on the water?,Select one best answer to the question below:,Right,Left,Back,"Front, nearer to the camera",None of the above
0901-7,https://www.youtube.com/shorts/pPiXRxb2Vfo,How many rubber bands are held in the hand at the start of the video?,Select one best answer to the question below:,Three,Four,One,Two,None of the above
0905-7,https://www.youtube.com/shorts/cUxIb3Pt-hQ,"At the beginning of the video, what type of slope is the ball on?",Select one best answer to the question below:,Curved,Uphill,Downhill,Flat,None of the above
0907-7,https://www.youtube.com/shorts/DP4eZl-4QOY,Where does the dog land at the end of the video?,Select one best answer to the question below:,On a bench,On the grass,On the man's body,On a tree,None of the above
0910-7,https://www.youtube.com/shorts/7_jo2loOZ9Q,Why does the man keep picking up the child in the video?,Select one best answer to the question below:,To teach the child how to walk.,To help the child cross the street safely.,To play a game with the child.,To conduct a social experiment.,None of the above
0914-7,https://www.youtube.com/shorts/3TSZfcowUus,Why is the beer bottle placed under the faucet in the video?,Select one best answer to the question below:,To demonstrate how hot water can shrink plastic packaging.,To clean the bottle.,To quickly cool the beer.,To fill the bottle with water.,None of the above
0918-7,https://www.youtube.com/shorts/KOhSr62NQAY,Which hand does the man use to put the soap in the box?,Select one best answer to the question below:,Left hand,Both hands,Neither hand,Right hand,None of the above
0919-7,https://www.youtube.com/shorts/mtLq3F4lIfY,How does the man create the rainbow?,Select one best answer to the question below:,By painting on a wall,By using colored glass,By coloring clear tape with markers,By using a prism,None of the above
0924-7,https://www.youtube.com/shorts/ubFbhebEchE,What is the red object the woman in the white top is holding at the end of the video?,Select one best answer to the question below:,A red bottle,A red book,A red bag,A red cup,None of the above
0926-7,https://www.youtube.com/shorts/XaP6KFsFnp4,Which hand is pulling the thread through the needle?,Select one best answer to the question below:,Neither hand,Left hand,Both hands,Right hand,None of the above
0927-7,https://youtube.com/shorts/2DEz3_PwR80,With which arm does the man in black hold the child?,Select one best answer to the question below:,Left arm,Both arms,Right arm,Neither arm,None of the above
0929-7,https://youtube.com/shorts/9y91My_upXU,What did the little girl in the green dress and the little girl in the blue dress do when the statue pretended to fall?,Select one best answer to the question below:,"They tried to support it, thinking they had broken it.",They laughed and walked away.,They ignored it and continued playing.,They asked an adult for help.,None of the above
0933-7,https://youtube.com/shorts/bLr422lyAyY,Why did the man in the costume light the fire?,Select one best answer to the question below:,To catch the woman's attention for a prank.,To surprise the person unexpectedly.,To start a campfire.,To signal the end of an event.,None of the above
0939-7,https://youtube.com/shorts/vz9D4nqhTyk,How many people are actually playing roles in the video?,Select one best answer to the question below:,Two,One,Four,Three,None of the above
0942-7,https://youtube.com/shorts/ly70cIZgrRA,What is the purpose of the man catching and breaking the egg with the spatula?,Select one best answer to the question below:,To show how fragile eggs are,To make scrambled eggs,To demonstrate a cooking technique,To clean the spatula,None of the above
0946-7,https://youtube.com/shorts/JmEOYcf8wiE,Which foot did the man touch after the chicken stopped moving?,Select one best answer to the question below:,Both feet,Neither foot,Left foot,Right foot,None of the above
0949-7,https://www.youtube.com/shorts/GpJpQzdYtL0,Where does the boss appear in the video?,Select one best answer to the question below:,Only in the middle,At the beginning and end,Throughout the video,Only at the end,None of the above
0950-7,https://www.youtube.com/shorts/Pagl1zg0j4A,What is the state of the ball when the man strikes the tuning fork for the second time?,Select one best answer to the question below:,Moving upwards,Spinning,Moving downwards,Stationary,None of the above
0952-7,https://www.youtube.com/shorts/RLEEXr_WsRQ,What color is the dress of the third person in the picture?,Select one best answer to the question below:,Green,Blue,Orange-Black,Pink,None of the above
0956-7,https://www.youtube.com/shorts/Evie7TV-E8s,What is the rotation direction of the red stick?,Select one best answer to the question below:,Counterclockwise,Upward,Clockwise,Downward,None of the above
0957-7,https://www.youtube.com/shorts/DtZdE1P45yQ,How did the substance in the beaker end up on the rod?,Select one best answer to the question below:,It was poured onto the rod.,It was left to dry on the rod.,It adhered to the rod when inserted.,It was pulled out and wrapped around the rod.,None of the above
0973-7,https://www.youtube.com/shorts/BkFjtOqLNmk,When did the man in the gray hoodie on the left get injured?,Select one best answer to the question below:,While setting up the balloons,During the last balloon popping game,During the second balloon popping game,At the start of the video,None of the above
0974-7,https://www.youtube.com/shorts/_a6lFCUYTA4,When did the person in the video put the straw into the bottle?,Select one best answer to the question below:,At the end of the video.,There is no straw.,Right before doing the trick.,At the beginning of the video.,None of the above
0976-7,https://www.youtube.com/shorts/fPW-zkcTRgM,Who answers the question first in the first scene of the video?,Select one best answer to the question below:,Neither answers,Both answer at the same time,The person on the right,The person on the left,None of the above
0983-7,https://www.youtube.com/shorts/9btQkaci6kA,Why does a second person appear in the video?,Select one best answer to the question below:,They are a security guard.,They are a painted silhouette.,They are a passerby.,They are a friend of the artist.,None of the above
0985-7,https://www.youtube.com/shorts/xhCvWSZOo8A,Where does the money in the cup at the end of the video come from?,Select one best answer to the question below:,The man's right ear,The person's hand,The table,The cup at the beginning,None of the above
0995-7,https://www.youtube.com/shorts/sVsv_cKxmXY,What is the answer to the eighth question in the video?,Select one best answer to the question below:,Over the top,Not good enough,Up to no good,Long over due,None of the above
0996-7,https://www.youtube.com/shorts/q8cjGfTq5XI,What is the third timekeeping tool shown in the video?,Select one best answer to the question below:,Hourglass,Clock with pendulum,Water clock,Sundial,None of the above
0999-7,https://www.youtube.com/shorts/TE7YjiQZpZo,How does the man playing Curly interact with the branches on the ground?,Select one best answer to the question below:,"He trips over them and falls, matching Curly's comedic style.","He trips, falls, and then gets back up to continue moving.",He steps over them carefully.,He avoids them entirely.,None of the above
1002-7,https://www.youtube.com/shorts/W7aL-aUocLA,How did the man catch the fourth stick in the first scene?,Select one best answer to the question below:,By kicking it with his foot and then catching it with his hand,By letting it fall to the ground,With his left hand,With his right hand,None of the above
1009-7,https://www.youtube.com/shorts/m_H3uWi3_2o,What is the man's reaction in the first two scenes after the visitor waves at him?,Select one best answer to the question below:,He seems disappointed and walks away.,He ignores the visitor completely.,He starts discussing the art pieces animatedly.,He is enthusiastic and eager to engage.,None of the above
1011-7,https://www.youtube.com/shorts/QV6iOzP_OXY,Why did the woman use the hose on the man?,Select one best answer to the question below:,She was angry at him.,He played a prank on her.,He was dirty.,She thought he accidentally ate soap.,None of the above
1018-7,https://www.youtube.com/shorts/1jh1WQq_fHs,What was the rapper's reaction after the traffic controller took his microphone?,Select one best answer to the question below:,He hesitated before continuing performing.,He is still performing.,He left the stage.,He argued with the traffic controller.,None of the above
1020-7,https://www.youtube.com/shorts/C4l7rfjX49I,What is the baby's reaction when they see their dad?,Select one best answer to the question below:,Crying,Excitement and joy,Expressionless and looking away,Laughing,None of the above
1023-7,https://www.youtube.com/shorts/m_H3uWi3_2o,What was the man's reaction after the first woman talked to him?,Select one best answer to the question below:,He was frustrated or disappointed.,He was indifferent.,He was excited and happy.,He was confused.,None of the above
1031-7,https://www.youtube.com/shorts/RbdWggNEZGw,What emotion is the man in the white shirt eating a banana experiencing?,Select one best answer to the question below:,Boredom,Relaxation,Surprise,Calm,None of the above
1037-7,https://www.youtube.com/shorts/y-Ey4mW-BKs,Why does the man make an OK gesture at the end of the video?,Select one best answer to the question below:,To indicate the drink is satisfactory.,To express approval of the drink.,To imitate the blonde woman.,To show he enjoyed the drink.,None of the above
1044-7,https://www.youtube.com/shorts/gpeIf-lCeIQ,What is the psychological state of the person under the quilt?,Select one best answer to the question below:,Deeply engrossed in a video game.,Surprised and confused.,Focused on the game.,Calm and relaxed.,None of the above
1045-7,https://www.youtube.com/shorts/uXvcjTHtZIs,Why did the person on the left hug the one in the tie-dye hoodie?,Select one best answer to the question below:,To prevent their mother from finding out about the fainting.,As a spontaneous expression of joy.,They were celebrating a magic trick.,Because they were impressed by a trick.,None of the above
1046-7,https://www.youtube.com/shorts/X31PraTwwnE,Why did the person in the black hat throw the person in the gray T-shirt into the pool?,Select one best answer to the question below:,It was a prank.,They wanted to start a fight.,They believed the person in the gray T-shirt had pushed them in earlier.,They were angry.,None of the above
1049-7,https://www.youtube.com/shorts/3krczYGxVjE,What was the person trying to achieve by hitting the dog with a slipper?,Select one best answer to the question below:,Disciplining the dog,Getting the dog to turn off the lights,Expressing frustration,Distracting the dog,None of the above
1051-7,https://www.youtube.com/shorts/NK6UDnyZf4g,What is the man in black expressing by biting his hand in the photo?,Select one best answer to the question below:,Nostalgia,Holding back emotions,Mimicking childhood actions,Sentimentality,None of the above
1053-7,https://www.youtube.com/shorts/cSzVOc6h_Us,Why did the man in the black T-shirt raise his hat?,Select one best answer to the question below:,To pretend the seat was occupied.,To show respect.,To adjust his hat.,To greet someone.,None of the above
1055-7,https://www.youtube.com/shorts/7Xofsx0XAaM,What is the enlightenment value of the video?,Select one best answer to the question below:,"High, because it provides insightful content.","Low, because it focuses on educational content.","High, because it humorously depicts a prank that scares a girl.","Low, because it shows a messy prank with ketchup.",None of the above
1064-7,https://www.youtube.com/shorts/UKieuClPKvI,Why is the man surprised at the end of the video?,Select one best answer to the question below:,He forgot to light the fuse.,The firework exploded unexpectedly.,He returned to the bomb site after running a long way.,The bomb didn't explode.,None of the above
1075-7,https://www.youtube.com/shorts/GfygSdVWewQ,Why does the video splice together shots of the ordinary man and Spider-Man?,Select one best answer to the question below:,To compare the exclusion of ordinary people with Spider-Man's hero identity.,To highlight Peter Parker's personal life.,To emphasize Spider-Man's powers.,To show Peter Parker's dual identity.,None of the above
1080-7,https://youtube.com/shorts/LD8Br6QMZqg,Why does the man seem amazed while peeling the carrot?,Select one best answer to the question below:,He is using a new vegetable peeler.,He is peeling the carrot with his hands.,He doesn't understand why the other person had to go through so much trouble to peel the carrot.,He is using a sharpened spoon.,None of the above
1081-7,https://youtube.com/shorts/erlagkVhNDI,What does the little green brick represent in the video?,Select one best answer to the question below:,A Lego piece for building,A part of a monster-like box,Mouthwash,Grass,None of the above
1087-7,https://www.youtube.com/shorts/v93w7cXDNC0,What is the actual movement of the circle on the left?,Select one best answer to the question below:,It moves to the right.,It moves up and down.,It does not move.,It moves to the left.,None of the above
1090-7,https://www.youtube.com/shorts/myeDvP4Tz4E,What does the painting on the ground look like to the sheep?,Select one best answer to the question below:,A solid wall,A broken bridge,A tunnel,A raised platform,None of the above
1091-7,https://www.youtube.com/shorts/1BW-MQMdTRQ,How many people can be identified in the last video?,Select one best answer to the question below:,One,Three,Four,Two,None of the above
1095-7,https://www.youtube.com/shorts/O3DoSbaw4E0,What happens when the person in the upper left corner throws a small stone into the keg?,Select one best answer to the question below:,It causes the keg to overflow.,It makes the keg disappear.,It causes someone to appear inside the keg.,It creates a visual effect with a splash of liquid.,None of the above
1101-7,https://www.youtube.com/shorts/budZcalJRO8,Why did the man gradually submerge the piece of paper under water?,Select one best answer to the question below:,To create a visual effect of the paper emerging from the water.,To ensure a controlled transition.,To maintain the integrity of the image on the paper.,To make the paper completely wet.,None of the above
1111-7,https://www.youtube.com/shorts/CTYUD-TtBPA,Who decided to sit down after standing up instead of joining the dance?,Select one best answer to the question below:,The man in the white shirt,The woman in the green sari,The man in the blue shirt,The woman in the brown and red sari,None of the above
1112-7,https://www.youtube.com/shorts/1nMiInCRdfU,Who took the firework instead of the lighter?,Select one best answer to the question below:,The person in the blue shirt.,The person in the pink shirt.,The person in the green shirt.,The person in the white shirt.,None of the above
1117-7,https://www.youtube.com/shorts/l9HF9qcNvBs,Who made the water overflow and failed the challenge?,Select one best answer to the question below:,The person in the yellow shirt,The person in the red shirt,The person in the purple shirt,The person in the blue shirt,None of the above
1119-7,https://www.youtube.com/shorts/JdPIts7RgUM,Where is the iron bowl when the person in red reacts to the cat and dog picture?,Select one best answer to the question below:,On the lap of the person in red.,In the kitchen.,On the floor under the oversized phone screen.,On the couch next to the person in red.,None of the above
1121-7,https://www.youtube.com/shorts/NFMqcsBtY30,Which symbol is the filament light bulb closest to on the control panel?,Select one best answer to the question below:,Three clouds,Sun,Snowflake,Lightning,None of the above
1122-7,https://www.youtube.com/shorts/Z5fnnWTVTrI,Where is the little man in overalls with the white bag at the end of the video?,Select one best answer to the question below:,In a black cylinder of the vacuum cleaner,In a toy house,On a miniature set,Inside a janitor's closet,None of the above
1124-7,https://www.youtube.com/shorts/_uSQXykxzT0,Where is the egg after the performer pushes it?,Select one best answer to the question below:,Inside the water bottle,"Behind the water bottle, held by the performer",On the floor,In the audience's view,None of the above
1127-7,https://www.youtube.com/shorts/J_W4i0HkKJ0,"In the third segment, where is the target basket positioned relative to the ball shooter?",Select one best answer to the question below:,Above the ball shooter.,To the right of the ball shooter.,"Behind the man, who is facing away from it.",On the wooden fence directly in front of the ball shooter.,None of the above
1130-7,https://www.youtube.com/shorts/te4-qw7DW6M,Which ball moved significantly when the old man swung his arm with the largest magnitude?,Select one best answer to the question below:,Red,Blue,Neither,Green,None of the above
1134-7,https://www.youtube.com/shorts/J_W4i0HkKJ0,How did the ball of the first throw in the last scene move after being released?,Select one best answer to the question below:,It descended directly towards the basketball hoop.,It moved in a high arc trajectory and bounced back to the person.,It moved in a straight line towards the hoop.,It was thrown with a downward motion.,None of the above
1137-7,https://www.youtube.com/shorts/4AqYhTpPpBI,"When the woman is upside down, which direction is the man's head facing?",Select one best answer to the question below:,To the left,Upward and forward at the camera,Backward,Downward,None of the above
1145-7,https://www.youtube.com/shorts/N2BiQKS3e2Y,How long is the interval between the woman's phone checks as an adult?,Select one best answer to the question below:,30 minutes,1 minute,24 hours,12 hours,None of the above
1159-7,https://www.youtube.com/shorts/0-ugjds_Rz8,What are the fifth and seventh items shown in the video?,Select one best answer to the question below:,Highlighters and erasers,Pens and glue,Sticky notes and measurement scale,Notebooks and pencil,None of the above
1160-7,https://www.youtube.com/shorts/yTKp6HP2_wU,What is the fourth item shown in the video?,Select one best answer to the question below:,A sliding round button.,A deck of cards fidget toy.,A metal fidget toy that looks like a mahjong tile.,A small black pill-shaped fidget toy.,None of the above
1161-7,https://www.youtube.com/shorts/9gPw1jw3Ukk,What is the correct color order displayed by the long strip of light on the objects in the video?,Select one best answer to the question below:,"Yellow, green, cyan, blue, purple, red, and orange.","Yellow, green, blue, purple, and red.","Green, yellow, blue, purple, and red.","Yellow, blue, green, purple, and red.",None of the above
1162-7,https://www.youtube.com/shorts/4jmQCgMy1mE,What is the correct order of the menu options browsed in the video?,Select one best answer to the question below:,"Calendar, Clock, Calculator, Notes","Calendar, Clock, Notes, Calculator, Settings","Calendar, Notes, Clock, Calculator","Calendar, Clock, Notes, Calculator",None of the above
1168-7,https://www.youtube.com/shorts/aWdGWNIye8M,Why did the man in the red hat fall into the hole?,Select one best answer to the question below:,He tripped over a rock.,Video editing and an optical illusion made it appear real.,He was deceived by a realistic 3D street painting.,The ground was unstable.,None of the above
1169-7,https://www.youtube.com/shorts/RtYbZzlUVxM,Why was the man in black and white clothes kicked to pieces by the soccer ball?,Select one best answer to the question below:,It was due to video editing.,He was a mannequin.,He was hit too hard.,It was a magic trick.,None of the above
1170-7,https://www.youtube.com/shorts/MImfdDB5-K8,How did the containers disappear in the video?,Select one best answer to the question below:,They were hidden behind other containers.,They were stolen.,They were part of a Tetris-like game and disappeared due to post-production effects.,They fell off the ship.,None of the above
1173-7,https://www.youtube.com/shorts/YfbZV7u3kMM,Why did the person in the back seat disappear?,Select one best answer to the question below:,The car made a sharp turn.,The car made a sudden stop.,The person jumped out of the car.,Post-production editing.,None of the above
1175-7,https://www.youtube.com/shorts/oG45ZbYePtY,How is the bear on the ground made to move in the video?,Select one best answer to the question below:,A digital overlay on a smartphone,Clever editing between a 3D painting and a real bear,A mechanical bear,The bears on the ground are people in disguise.,None of the above
1176-7,https://www.youtube.com/shorts/PFlSRwIZ8EM,Why did the plant in the man's hand appear larger?,Select one best answer to the question below:,It was a change in perspective.,It was due to visual effects.,It was a natural growth in the greenhouse.,It was a change in lighting.,None of the above
1177-7,https://www.youtube.com/shorts/lJcTCcUJK0I,How did the man appear on another boat?,Select one best answer to the question below:,He swam to the other boat.,He used video editing and visual effects.,He used a hidden platform.,He was pulled by a rope.,None of the above
1178-7,https://www.youtube.com/shorts/SArRN5FhkYI,Why does a laptop appear in the final scene of the video?,Select one best answer to the question below:,It is a visual effect created by a filter.,It is a foldable device.,It is a real laptop.,It is a hologram.,None of the above
1181-7,https://www.youtube.com/shorts/ys5re4kXW1I,How did the Colosseum disappear in the video?,Select one best answer to the question below:,It was edited out using visual effects.,It was painted over.,It was demolished.,It was covered by a large cloth.,None of the above
1182-7,https://www.youtube.com/shorts/NFMqcsBtY30,How does the ladder appear beneath the clouds in the video?,Select one best answer to the question below:,It is a small object that is replaced by a full-sized ladder.,"As it moves toward the clouds, it transforms into a ladder of reduced size.",It is a small object that appears full-sized due to video editing techniques.,It is a full-sized ladder from the beginning.,None of the above
1183-7,https://www.youtube.com/shorts/uYIWSSQNV4w,What caused the sky to darken suddenly at the beginning of the video?,Select one best answer to the question below:,A combination of lighting changes and post-production effects.,The person turned off the lights.,The person closed the curtains.,The person left the room.,None of the above
1192-7,https://www.youtube.com/shorts/RdDzFuX1b1s,Why did the standing sprinkler suddenly appear in the video?,Select one best answer to the question below:,It was hidden underground.,It was triggered by a sensor.,It was a result of video editing.,It was always there but invisible.,None of the above
1203-7,https://www.youtube.com/shorts/X2muluGbNeo,How did the man take out the towel without touching the stream?,Select one best answer to the question below:,By turning off the water first.,By moving the open end of the towel to the other side of the water flow.,By using the detachable spray head of the faucet.,By using a different towel.,None of the above
1206-7,https://www.youtube.com/shorts/fuAUDvxf_vY,Why does the blue paint appear to spill unusually?,Select one best answer to the question below:,The person is holding the paint can upside down above their head.,The paint is thicker than usual.,"The set is upside down, creating an illusion.",The paint can is defective.,None of the above
1209-7,https://www.youtube.com/shorts/H-9qGWrW83M,How fast is the woman in the photo at the end of the video?,Select one best answer to the question below:,She is actually running.,She is walking quickly.,The special composition and photo editing and she never leaves her position.,The position of her legs.,None of the above
1210-7,https://www.youtube.com/shorts/diEfe0tsJY8,What is the change in focus of the video shooting?,Select one best answer to the question below:,The bird to the people in the foreground,The people in the foreground to the bird,Keeping the photograph of the two birds,The entire room,None of the above
1214-7,https://www.youtube.com/shorts/7nnjsL5oc_s,What is the motion of the camera when photographing the woman?,Select one best answer to the question below:,Zoom-in,Pan left,Zoom-out,Pan right,None of the above
1223-7,https://www.youtube.com/shorts/FxLooSikc2U,How does the camera view differ in the last throw compared to others?,Select one best answer to the question below:,it zooms in on the bottom right section.,it zooms out on the bottom left section.,It remains stationary.,it zooms in on the bottom left section.,None of the above
1225-7,https://www.youtube.com/shorts/-o7pVduTGVs,Who is mainly visible when the first camera zoom is complete?,Select one best answer to the question below:,A woman in a pink dress.,A man in a white Under Armour t-shirt.,A man in a gray Under Armour t-shirt.,A woman in a blue dress.,None of the above
1229-7,https://www.youtube.com/shorts/d-uzkMB14xQ,Why does the object in front of the mirror appear different from its reflection?,Select one best answer to the question below:,The video operates with special editing techniques,The mirror is a convex mirror.,The photo was taken using a panoramic photography feature.,The mirror is a concave mirror.,None of the above
1231-7,https://www.youtube.com/shorts/BFgfaUrBoks,Why does the waterfall appear to flow backwards at the end of the video?,Select one best answer to the question below:,Reverse video processing was used.,The water flow was altered physically.,The lighting created an illusion.,Using special effects techniques.,None of the above
1233-7,https://www.youtube.com/shorts/vpzN7MFV4YU,Why are there two reflections in the photo?,Select one best answer to the question below:,The photographer used a panoramic camera function.,There was a mirror placed in the scene.,One is the actual reflection and the other is from the phone screen.,The photo was edited post-capture.,None of the above
1235-7,https://www.youtube.com/shorts/EvlFEYvsf2Q,What is the result of 4 + 3 according to the pattern in the video?,Select one best answer to the question below:,43,73,412,37,None of the above
1236-7,https://www.youtube.com/shorts/eDcteTYALgI,What is the reason the method in the video is considered useful?,Select one best answer to the question below:,It involves the square root of a number before dividing by 5.,It involves squaring the numbers before dividing by 5.,It simplifies division into single-digit multiplication.,It reduces division to addition.,None of the above
1237-7,https://www.youtube.com/shorts/jTpJa4TF5cQ,What is the answer to 9 + 9 according to the pattern in the video?,Select one best answer to the question below:,18,63,81,72,None of the above
1239-7,https://www.youtube.com/shorts/3Eh34zhrxMA,What is the outcome of using the method shown in the video?,Select one best answer to the question below:,"Less efficient than ordinary methods, but more accurate.",More efficient than normal methods.,The results are as efficient and accurate as the normal method.,"More efficient than normal methods, but less accurate.",None of the above
1242-7,https://www.youtube.com/shorts/68kf4Xd63rc,What was the result of the man's magic show?,Select one best answer to the question below:,The new money appeared under the cup.,The money fell to the ground.,The money under the cup disappeared.,The money went back to the boy.,None of the above
1255-7,https://www.youtube.com/shorts/IpHK0Fscq1o,After which color being called did the man run underneath?,Select one best answer to the question below:,Yellow,Green,Blue,Red,None of the above
1260-7,https://www.youtube.com/shorts/zHkShLJc41g,Why does the man in white look surprised at the end of the video?,Select one best answer to the question below:,He received unexpected news.,The man in black ate all the food on his plate.,The food was spicier than he expected.,The lights went out suddenly.,None of the above
1261-7,https://www.youtube.com/shorts/nBq9a0dz_w4,Why are two men visible in the reflection of the woman reading under a tree?,Select one best answer to the question below:,The men were actually sitting next to the woman.,A mirror was used to create the reflection.,The reflection is a natural phenomenon.,The photos were intentionally shot and edited together.,None of the above
1262-7,https://www.youtube.com/shorts/gyynOp1Z9vg,What was the emotion of the girl in the pink top after she held the performer's arm?,Select one best answer to the question below:,Worried and scared,Indifferent,Happy,Curious and amused,None of the above
1275-7,https://youtube.com/shorts/l9HF9qcNvBs,Who won the challenge?,Select one best answer to the question below:,"The person in the red T-shirt, the person in the beige jacket, and the person in the light purple/pink T-shirt",None of the above,The person in the blue T-shirt and the person in the red T-shirt,The person in the blue T-shirt,None of the above
1276-7,https://youtube.com/shorts/vXUZpRRrIBU,What does the lemon icon at the top of the video signify?,Select one best answer to the question below:,A music video,The sourness of the lemons to be eaten,A cooking show,Different sizes of lemons to be eaten,None of the above
1278-7,https://www.youtube.com/shorts/X9_PhsoghBI,What is the difference in the number of attempts between the first two challenges?,Select one best answer to the question below:,1,2,3,0,None of the above
1283-7,https://www.youtube.com/shorts/gilRZPVaUiM,Which child runs the fastest at the end of the video?,Select one best answer to the question below:,The child in the yellow outfit,The child in the blue outfit,The child in the red outfit in the middle,The child in the green outfit,None of the above
1288-7,https://www.youtube.com/shorts/YKdNJPfnbLA,What emotion does the blond man display at the end of the video?,Select one best answer to the question below:,Frustrated,Indifferent,Joyful,Playful,None of the above
1290-7,https://www.youtube.com/shorts/WuoIOYVkN7E,What is the man's reaction at the end of the video?,Select one best answer to the question below:,He is indifferent.,He is confused.,He is in shock and agony.,He is amused and entertained.,None of the above
1293-7,https://www.youtube.com/shorts/c77XgLraFbM,How was the flying bottle cap photo created in the second scene?,Select one best answer to the question below:,By throwing it in the air and capturing the photo precisely.,By physically flicking it with a finger.,By using a fan to blow it into the air.,By attaching it to a thin string and using camera angles.,None of the above
1294-7,https://www.youtube.com/shorts/WbCqk3TIySs,"Based on narrative, how did the piece of meat end up on the grill?",Select one best answer to the question below:,It was placed there using tongs.,It was dropped by the chef next to the grill.,It was already on the grill.,It was dropped from a hot air balloon.,None of the above
1298-7,https://www.youtube.com/shorts/WKkCkLRo-Us,Why didn't the man's football return to him?,Select one best answer to the question below:,It landed in a blue bucket.,It landed in a basketball hoop.,The video ended before it is shown.,It was intercepted by a dog.,None of the above
1299-7,https://www.youtube.com/shorts/OHk9qAIMKKU,Why did the elevator door close?,Select one best answer to the question below:,Buffer time has run out.,The person inside pressed the close button.,The elevator malfunctioned.,The person outside was holding the door.,None of the above
1307-7,https://www.youtube.com/shorts/BH9b46Sy7jM,What happens to the speed difference between the two tires after the ramp?,Select one best answer to the question below:,Both tires maintain the same speed.,The initially lagging tire accelerates and surpasses the leading tire.,The leading tire remains in the leading position all the time.,The lagging tire stops moving.,None of the above
1308-7,https://www.youtube.com/shorts/KZfOc4Bygfs,How does the speed of the black missile change in the animation?,Select one best answer to the question below:,It increases significantly from the start.,It moves seven times faster than the bullet from the start.,"It first decelerates to match the bullet's speed, then accelerates rapidly.",It maintains a constant speed throughout.,None of the above
1310-7,https://www.youtube.com/shorts/xk2yJbDhU0E,Who completed the game in less time?,Select one best answer to the question below:,Both finished at the same time,Michiel,Neither completed the game,Celine,None of the above
1312-7,https://www.youtube.com/shorts/_tT2ldpZHek,What was the state of the treadmill while the person was sleeping in the video?,Select one best answer to the question below:,"The treadmill was off, but the person was moving.","The treadmill was running, but the person was unaffected, sleeping on bed.","The treadmill was running, causing the person to crawl forward.",The treadmill was turned off and stationary.,None of the above
1318-7,https://www.youtube.com/shorts/3i4wmfNpqRg,What are the daughter's emotions at the end of the video?,Select one best answer to the question below:,Confused,Excited,Speechless,Amused,None of the above
1321-7,https://youtube.com/shorts/6qHXenlRDH4,What is the emotion of the girl in braids at the end of the video?,Select one best answer to the question below:,Happy and engaged,Indifferent and bored,Excited and thrilled,Dazed and confused,None of the above
1324-7,https://www.youtube.com/shorts/L9dnb-wfsnc,What caused the change in mood for the man and woman at the end of the video?,Select one best answer to the question below:,They were enjoying the moment with the dog.,They were not paying attention.,The man was almost about to harm the dog.,They were relaxed and playful.,None of the above
1329-7,https://www.youtube.com/shorts/x5JHiogS_nM,What were the reasons for the woman's mood at the end of the video?,Select one best answer to the question below:,She was curious about what happened.,The man was not taking care of their child.,She failed to understand the man's actions.,The man made it look like she was doing a kowtow while the man preteded to be a king.,None of the above
1344-7,https://www.youtube.com/shorts/eLJNa61S4RE,Why does the child smile after the injection?,Select one best answer to the question below:,They are distracted by a toy.,They are being comforted by the person around them.,The pain subsides once the needle is removed.,They are reacting to the interesting environment.,None of the above
