qid,video_id,question_type,capability,question,duration,question_prompt,answer,youtube_url
0008-0,sj81PWrerDk,Primary Open-ended Question,Plot Attribute (Montage),What is the difference between the action of the last person in the video and the actions of the first two people?,8.85,Please state your answer with a brief explanation.,,https://www.youtube.com/shorts/sj81PWrerDk
0012-0,AGCyLqLuUJ0,Primary Open-ended Question,Element Counting,How many robot figures appear in the video?,20.67,Please state your answer with a brief explanation.,,https://www.youtube.com/shorts/AGCyLqLuUJ0
0016-0,4mKxze5P9gQ,Primary Open-ended Question,Element Attributes (Optical Illusion),Which direction is the person facing?,15.06,Please state your answer with a brief explanation.,,https://www.youtube.com/shorts/4mKxze5P9gQ
0036-0,1SiTuYb506o,Primary Open-ended Question,Objective Causality (Videography Phenomenon & Illusion),Why can the apparently slow spinning machine cut the zucchini so thinly?,18.01,Please state your answer with a brief explanation.,,https://www.youtube.com/shorts/1SiTuYb506o
0037-0,KyyDh9NP_lc,Primary Open-ended Question,Element Attributes (Optical Illusion),How many parts of the video have been artificially edited?,19.55,Please state your answer with a brief explanation.,,https://www.youtube.com/shorts/KyyDh9NP_lc
0038-0,sj81PWrerDk,Primary Open-ended Question,Professional Knowledge,Why was the last person able to snap off the cap so easily?,8.85,Please state your answer with a brief explanation.,,https://www.youtube.com/shorts/sj81PWrerDk
0064-0,sE-KTqE9Dek,Primary Open-ended Question,Objective Causality,Why did the room go dark after the stick figure character closed the door?,12.61,Please state your answer with a brief explanation.,,https://www.youtube.com/shorts/sE-KTqE9Dek
0070-0,MSkL7A2yyOY,Primary Open-ended Question,Event Counting,How many times did the person in the video pour the water?,12.97,Please state your answer with a brief explanation.,,https://www.youtube.com/shorts/MSkL7A2yyOY
0080-0,_MXxJT8Mk4k,Primary Open-ended Question,Professional Knowledge,What is the purpose of beating the balloon?,13.18,Please state your answer with a brief explanation.,,https://www.youtube.com/shorts/_MXxJT8Mk4k
0081-0,crJZF1-5ryE,Primary Open-ended Question,Character Motivation Causality,Why does the man put his hand on his face?,11.86,Please state your answer with a brief explanation.,,https://www.youtube.com/shorts/crJZF1-5ryE
0083-0,Z-x3kXiyOFc,Primary Open-ended Question,Plot Attribute,What does the video want to tell as the daughter enters the room several times?,43.97,Please state your answer with a brief explanation.,,https://www.youtube.com/shorts/Z-x3kXiyOFc
0099-0,aUDYWYqtAR4,Primary Open-ended Question,Event Counting,How many zoomed-in close-ups are there throughout the video?,59.97,Please state your answer with a brief explanation.,,https://www.youtube.com/shorts/aUDYWYqtAR4
0101-0,FdkXmy42Qv8,Primary Open-ended Question,Event Localization,In which sequence of location does the man teleport in the video?,24.04,Please state your answer with a brief explanation.,,https://www.youtube.com/shorts/FdkXmy42Qv8
0113-0,2uuLeoxlZOo,Primary Open-ended Question,Event Counting,How many buildings are demolished throughout the video?,59.54,Please state your answer with a brief explanation.,,https://www.youtube.com/shorts/2uuLeoxlZOo
0117-0,uupXcgeP0-w,Primary Open-ended Question,Element Counting,How many toy cars are shown in the video?,22.04,Please state your answer with a brief explanation.,,https://www.youtube.com/shorts/uupXcgeP0-w
0118-0,XlROzogZpVM,Primary Open-ended Question,Local Event Attribute,"At the beginning of the video, what action did the person do to make the bottle fall down to the ground?",9.15,Please state your answer with a brief explanation.,,https://www.youtube.com/shorts/XlROzogZpVM
0127-0,NmqIqJsdIuk,Primary Open-ended Question,Element Counting,How many watches are shown in the video?,11.56,Please state your answer with a brief explanation.,,https://www.youtube.com/shorts/NmqIqJsdIuk
0129-0,7t4cNOpTuCY,Primary Open-ended Question,Element Counting,How many men appear in the video?,30.81,Please state your answer with a brief explanation.,,https://www.youtube.com/shorts/7t4cNOpTuCY
0133-0,u2HvKEGq3Ik,Primary Open-ended Question,Event Localization,What does the final scene depicts?,60.05,Please state your answer with a brief explanation.,,https://youtube.com/shorts/u2HvKEGq3Ik
0142-0,rCW1aGpFrJg,Primary Open-ended Question,Character Motivation Causality,What is the purpose for the character in costume to put a small piece of white tape on the handrail?,58.82,Please state your answer with a brief explanation.,,https://youtube.com/shorts/rCW1aGpFrJg
0146-0,eU5I-p1HcUs,Primary Open-ended Question,Event Counting,"How many times does the color of the car in the video change?
",24.45,Please state your answer with a brief explanation.,,https://youtube.com/shorts/eU5I-p1HcUs
0151-0,lfitOyblkDQ,Primary Open-ended Question,Element Localization,What are the characteristics of the clothing of the person holding a potato in the video?,59.71,Please state your answer with a brief explanation.,,https://youtube.com/shorts/lfitOyblkDQ
0152-0,4ocqfNvvI_w,Primary Open-ended Question,Element Attributes,"In the video, what is the tools for fixing the position of the pages?",32.81,Please state your answer with a brief explanation.,,https://youtube.com/shorts/4ocqfNvvI_w
0154-0,PH3yeSEgiGE,Primary Open-ended Question,Positional Relationship,"In the video, with which hand does the adult man hand the white cutting board to the child?",30.12,Please state your answer with a brief explanation.,,https://youtube.com/shorts/PH3yeSEgiGE
0162-0,mLbuK7IU7_Y,Primary Open-ended Question,Event Counting,"How many times does the golfer in the video successfully hit the target?
",17.15,Please state your answer with a brief explanation.,,https://www.youtube.com/shorts/mLbuK7IU7_Y
0167-0,C2JNR1EVPyM,Primary Open-ended Question,Character Reaction Causality,"Why is the woman in the video surprised?
",9.64,Please state your answer with a brief explanation.,,https://www.youtube.com/shorts/C2JNR1EVPyM
0169-0,fk5kAJj5io0,Primary Open-ended Question,Event Counting,"How many times does the woman pour juice into the mold in the video?
",33.44,Please state your answer with a brief explanation.,,https://www.youtube.com/shorts/fk5kAJj5io0
0179-0,boEKlG35qHM,Primary Open-ended Question,Event Counting,How many times does the person cut the stem?,15.62,Please state your answer with a brief explanation.,,https://youtube.com/shorts/boEKlG35qHM
0198-0,j3cE7hoF5aI,Primary Open-ended Question,Element Counting,How many photos about â€œold meâ€ are played in the video in total?,20.99,Please state your answer with a brief explanation.,,https://www.youtube.com/shorts/j3cE7hoF5aI
0217-0,C9yerI1NK7M,Primary Open-ended Question,Event Duration & Speed Attribute,How long did the time lapse of the demonstration of capillary action last precisely in physical time of the video?,15,Please state your answer with a brief explanation.,,https://www.youtube.com/shorts/C9yerI1NK7M
0242-0,tyz-WC0YVco,Primary Open-ended Question,Character Reaction Causality,"According to the video, what is the exact reason the two orange cats jumped away in the scene with a kitchen countertop and a person in a red hat?",60.05,Please state your answer with a brief explanation.,,https://www.youtube.com/shorts/tyz-WC0YVco
0248-0,jfE_el65Sv0,Primary Open-ended Question,Local Event Attribute,What is the person in the foreground doing in the video?,12.16,Please state your answer with a brief explanation.,,https://youtube.com/shorts/jfE_el65Sv0
0251-0,#NAME?,Primary Open-ended Question,Objective Causality,"At the end of the video, why does the ball fall off the disc?",,Please state your answer with a brief explanation.,,https://youtube.com/shorts/-HAFFvsDCr4
0256-0,uPIpFgh_DPU,Primary Open-ended Question,Event Counting,How many times does the ping-pong ball bounce on the ground in total?,15.35,Please state your answer with a brief explanation.,,https://www.youtube.com/shorts/uPIpFgh_DPU
0259-0,rVfKtPLVaLw,Primary Open-ended Question,Positional Relationship,Which hand did the man use to throw away his hat?,12.52,Please state your answer with a brief explanation.,,https://www.youtube.com/shorts/rVfKtPLVaLw
0266-0,9yC-paTJvkE,Primary Open-ended Question,Positional Relationship,Which thumb is the yellow rubber band fully looped around?,19.03,Please state your answer with a brief explanation.,,https://www.youtube.com/shorts/9yC-paTJvkE
0267-0,Drp2PBktp7U,Primary Open-ended Question,Element Attributes (Optical Illusion),What is the first person in the video doing?,16.04,Please state your answer with a brief explanation.,,https://www.youtube.com/shorts/Drp2PBktp7U
0273-0,zn3MNXMIdDk,Primary Open-ended Question,Element Attributes,"After solving the Rubik's Cube, which color is facing up?",11.82,Please state your answer with a brief explanation.,,https://www.youtube.com/shorts/zn3MNXMIdDk
0274-0,GYTGrhKbo0g,Primary Open-ended Question,Element Counting,How many people appear in the video in total?,22.04,Please state your answer with a brief explanation.,,https://www.youtube.com/shorts/GYTGrhKbo0g
0276-0,PZad6gF_4Kk,Primary Open-ended Question,Objective Causality (Videography Phenomenon & Illusion),Is there any video editing effects used to help make the illusion believable?,14.98,Please state your answer with a brief explanation.,,https://www.youtube.com/shorts/PZad6gF_4Kk
0278-0,JsAcQsidyIA,Primary Open-ended Question,Element Attributes,What color is the writing on the paper in the video?,46.23,Please state your answer with a brief explanation.,,https://www.youtube.com/shorts/JsAcQsidyIA
0288-0,CiUsdzLLbuE,Primary Open-ended Question,Plot Attribute,Which knife in the video is not easy to use?,60.05,Please state your answer with a brief explanation.,,https://www.youtube.com/shorts/CiUsdzLLbuE
0291-0,#NAME?,Primary Open-ended Question,Professional Knowledge,What caused the rotational movement of the metal rod?,,Please state your answer with a brief explanation.,,https://www.youtube.com/shorts/-M7VdrQpWps
0292-0,Kv7s88uX0ek,Primary Open-ended Question,Element Counting,How many vehicles are behind the bus?,10.65,Please state your answer with a brief explanation.,,https://www.youtube.com/shorts/Kv7s88uX0ek
0295-0,uXbIuOImCmM,Primary Open-ended Question,Event Counting,How many methods did the person holding the yellow bag try?,26.01,Please state your answer with a brief explanation.,,https://www.youtube.com/shorts/uXbIuOImCmM
0296-0,uAzw77AjDyc,Primary Open-ended Question,Objective Causality,Why doesn't the man catch the blue pants on his first attempt?,15.06,Please state your answer with a brief explanation.,,https://www.youtube.com/shorts/uAzw77AjDyc
0303-0,c1gl0Qahgdw,Primary Open-ended Question,Local Event Attribute,How does the man finally stop cycling?,14.76,Please state your answer with a brief explanation.,,https://www.youtube.com/shorts/c1gl0Qahgdw
0304-0,bc-OoJrrMuk,Primary Open-ended Question,Element Counting,How many layer of paper does the person initially write on?,15.72,Please state your answer with a brief explanation.,,https://www.youtube.com/shorts/bc-OoJrrMuk
0308-0,R0f1qMFBemA,Primary Open-ended Question,Local Event Attribute,What's the first military aircraft doing?,60.08,Please state your answer with a brief explanation.,,https://www.youtube.com/shorts/R0f1qMFBemA
0313-0,0pWDMjpDKKQ,Primary Open-ended Question,Element Counting,How many compartments do these products occupy on the shelf at the end of the video?,19.04,Please state your answer with a brief explanation.,,https://www.youtube.com/shorts/0pWDMjpDKKQ
0319-0,NqMmfmsclrE,Primary Open-ended Question,Positional Relationship,Where is the ball at the end of the video?,8.75,Please state your answer with a brief explanation.,,https://www.youtube.com/shorts/NqMmfmsclrE
0320-0,1edFyMQdMHA,Primary Open-ended Question,Event Localization,How does the last person jump?,18.07,Please state your answer with a brief explanation.,,https://www.youtube.com/shorts/1edFyMQdMHA
0321-0,shh15L-O8KE,Primary Open-ended Question,Plot Attribute,What are the group of people engaging in?,15.14,Please state your answer with a brief explanation.,,https://www.youtube.com/shorts/shh15L-O8KE
0325-0,gmMnqrmYNFU,Primary Open-ended Question,Event Counting,How many times does the rider flip and jump in the air while crossing obstacles?,36.41,Please state your answer with a brief explanation.,,https://www.youtube.com/shorts/gmMnqrmYNFU
0334-0,VoyvvpcrUgo,Primary Open-ended Question,Event Localization,Which scenes in the video is NOT taken in real life?,14.98,Please state your answer with a brief explanation.,,https://www.youtube.com/shorts/VoyvvpcrUgo
0340-0,XK7kH7pxTcE,Primary Open-ended Question,Element Counting,How many drainage channels are there in the video?,59.37,Please state your answer with a brief explanation.,,https://www.youtube.com/shorts/XK7kH7pxTcE
0357-0,ZQQ6XGuLtyU,Primary Open-ended Question,Character Emotion Attribute,How does the man in the white T-shirt feel about what he has taken out?,44.44,Please state your answer with a brief explanation.,,https://www.youtube.com/shorts/ZQQ6XGuLtyU
0358-0,vln9tIS2yWg,Primary Open-ended Question,Objective Causality,Why didn't the woman in white fall on the trampoline?,19.97,Please state your answer with a brief explanation.,,https://www.youtube.com/shorts/vln9tIS2yWg
0368-0,XeUbzTntoW0,Primary Open-ended Question,Event Counting,How many scenarios did the man show between the adult and the toddler?,59.01,Please state your answer with a brief explanation.,,https://www.youtube.com/shorts/XeUbzTntoW0
0370-0,IuGYdIRjKlI,Primary Open-ended Question,Element Counting,How many girls are holding swords at the beginning of the video?,16.88,Please state your answer with a brief explanation.,,https://www.youtube.com/shorts/IuGYdIRjKlI
0372-0,kFAs3nZoKps,Primary Open-ended Question,Local Event Attribute,What action does the girl take at the end of the video?,18.09,Please state your answer with a brief explanation.,,https://www.youtube.com/shorts/kFAs3nZoKps
0374-0,DdJG14Fc4Tw,Primary Open-ended Question,Element Attributes (Optical Illusion),What was used to perform the magic trick in the first part of the video?,48.45,Please state your answer with a brief explanation.,,https://www.youtube.com/shorts/DdJG14Fc4Tw
0377-0,Jh-E3fZYRJ4,Primary Open-ended Question,Element Attributes (Optical Illusion),Whose hand is on the woman's shoulder in the second part of the video?,33.34,Please state your answer with a brief explanation.,,https://www.youtube.com/shorts/Jh-E3fZYRJ4
0410-0,ZQQ6XGuLtyU,Primary Open-ended Question,Event Localization,What happened after the sixth cotton candy is dissolved?,44.44,Please state your answer with a brief explanation.,,https://youtube.com/shorts/ZQQ6XGuLtyU
0416-0,b7h58LOBMcE,Primary Open-ended Question,Character Reaction Causality,Why was the man performing the trick surprisedï¼Ÿ,26.77,Please state your answer with a brief explanation.,,https://youtube.com/shorts/b7h58LOBMcE
0417-0,KwKJ6gtOGpQ,Primary Open-ended Question,Character Reaction Causality,Why is the person on the left trying hard not to laughï¼Ÿ,6.62,Please state your answer with a brief explanation.,,https://youtube.com/shorts/KwKJ6gtOGpQ
0420-0,CsIEwEA0fQs,Primary Open-ended Question,Plot Attribute,"Did the cat win the ""which hand"" guessing game? Why?",15.04,Please state your answer with a brief explanation.,,https://youtube.com/shorts/CsIEwEA0fQs
0427-0,c0YNnrHBARc,Primary Open-ended Question,Objective Causality (Videography Phenomenon & Illusion),How did the man achieve taking out a whole watermelon and cutting it?,28.99,Please state your answer with a brief explanation.,,https://youtube.com/shorts/c0YNnrHBARc
0430-0,ZGcot5Kgock,Primary Open-ended Question,Objective Causality (Videography Phenomenon & Illusion),What causes the damage of the phoneï¼Ÿ,42.26,Please state your answer with a brief explanation.,,https://youtube.com/shorts/ZGcot5Kgock
0432-0,YRgXg-FY49o,Primary Open-ended Question,Event Localization,Where are the last few targets come fromï¼Ÿ,16.6,Please state your answer with a brief explanation.,,https://www.youtube.com/shorts/YRgXg-FY49o
0435-0,niZZ5bP5Zvs,Primary Open-ended Question,Event Localization,Which swings of the man's sword cut the target made of bundled straw mats?,10.97,Please state your answer with a brief explanation.,,https://www.youtube.com/shorts/niZZ5bP5Zvs
0439-0,L4pEorJZ1a0,Primary Open-ended Question,Element Attributes,What does the man light in the videoï¼Ÿ,29.53,Please state your answer with a brief explanation.,,https://www.youtube.com/shorts/L4pEorJZ1a0
0441-0,3Ts9BX6AKuU,Primary Open-ended Question,Local Event Attribute,What is the state of action of muscular man's left and right leg throughout the run?,12.2,Please state your answer with a brief explanation.,,https://www.youtube.com/shorts/3Ts9BX6AKuU
0452-0,BglTrmS3UfI,Primary Open-ended Question,Element Attributes,What are the characteristics of the left and right legs of a dancing man?,11.82,Please state your answer with a brief explanation.,,https://www.youtube.com/shorts/BglTrmS3UfI
0456-0,#NAME?,Primary Open-ended Question,Element Counting,How many nails did the man use in the experiment?,,Please state your answer with a brief explanation.,,https://www.youtube.com/shorts/-Tf9VMl4krk
0463-0,aoE98e_FlYQ,Primary Open-ended Question,Event Localization,Which throw conducted by the person did the counter starts counting from?,33.07,Please state your answer with a brief explanation.,,https://youtube.com/shorts/aoE98e_FlYQ
0466-0,_TrCxTyakH0,Primary Open-ended Question,Event Counting,How many optical illusion imagery of clever perspective and time freezing are shown in the video in total?,20.52,Please state your answer with a brief explanation.,,https://www.youtube.com/shorts/_TrCxTyakH0
0468-0,Se8JkJUt7YE,Primary Open-ended Question,Element Localization,Which person in the video successfully walked down the stairs?,24.98,Please state your answer with a brief explanation.,,https://www.youtube.com/shorts/Se8JkJUt7YE
0494-0,RBz8pTO0ySw,Primary Open-ended Question,Element Counting,How many kinds of scissors were used in the video?,15.85,Please state your answer with a brief explanation.,,https://www.youtube.com/shorts/RBz8pTO0ySw
0500-0,nBaWVmaLh1A,Primary Open-ended Question,Element Counting,How many ping-pong balls are in the video?,33.11,Please state your answer with a brief explanation.,,https://www.youtube.com/shorts/nBaWVmaLh1A
0501-0,fyq0pd_pFvE,Primary Open-ended Question,Element Counting,How many dumplings does the man in purple have on his plate?,46.87,Please state your answer with a brief explanation.,,https://www.youtube.com/shorts/fyq0pd_pFvE
0512-0,FkNdEfxYYc4,Primary Open-ended Question,Element Counting,How many POTS did the ping-pong balls hit at the beginning of the video?,48.09,Please state your answer with a brief explanation.,,https://www.youtube.com/shorts/FkNdEfxYYc4
0520-0,SdvMPe6XF7w,Primary Open-ended Question,Plot Attribute,Which letters need the minimum number of people in the video to make up?,57.89,Please state your answer with a brief explanation.,,https://www.youtube.com/shorts/SdvMPe6XF7w
0522-0,rujdEa3MVYo,Primary Open-ended Question,Element Counting,How many men in hats are seen in the video?,60.08,Please state your answer with a brief explanation.,,https://www.youtube.com/shorts/rujdEa3MVYo
0525-0,Ai4fCLMGL9Y,Primary Open-ended Question,Element Counting,How many legs does the person not in the wheelchair have in the video?,28.5,Please state your answer with a brief explanation.,,https://www.youtube.com/shorts/Ai4fCLMGL9Y
0526-0,Z5jKO_Qql30,Primary Open-ended Question,Element Counting,"In the second video, how many lighters is the man holding in his hand?",34.6,Please state your answer with a brief explanation.,,https://www.youtube.com/shorts/Z5jKO_Qql30
0530-0,yzlFm0LpRpM,Primary Open-ended Question,Positional Relationship,Which ball did the man in blue kick in the fifth scene?,33.56,Please state your answer with a brief explanation.,,https://www.youtube.com/shorts/yzlFm0LpRpM
0539-0,HXeyvC8MeBU,Primary Open-ended Question,Element Counting,How many people in the video that aren't in a car are scared by the masked person?,60.08,Please state your answer with a brief explanation.,,https://www.youtube.com/shorts/HXeyvC8MeBU
0541-0,zb6Bnsm3_zo,Primary Open-ended Question,Element Counting,How many teeth are there in the video?,11.17,Please state your answer with a brief explanation.,,https://www.youtube.com/shorts/zb6Bnsm3_zo
0542-0,5mFcSiUxAus,Primary Open-ended Question,Plot Attribute (Montage),What scene is shown as a metaphor of time passage in between the cooking of the bread?,59.99,Please state your answer with a brief explanation.,,https://www.youtube.com/shorts/5mFcSiUxAus
0548-0,m8tfdmm3g2A,Primary Open-ended Question,Element Localization,What's the second thing in the video that a man clips with a car window?,58.58,Please state your answer with a brief explanation.,,https://www.youtube.com/shorts/m8tfdmm3g2A
0551-0,HsXS1Qt11cU,Primary Open-ended Question,Element Attributes,What is the state of on-and-off of the switches on the wall in the scene with the woman kneeling?,17.62,Please state your answer with a brief explanation.,,https://www.youtube.com/shorts/HsXS1Qt11cU
0552-0,lAmfy5J8iEA,Primary Open-ended Question,Element Counting,How many slices of bread are in the plate that the guy in the kitchen is carrying?,59.76,Please state your answer with a brief explanation.,,https://www.youtube.com/shorts/lAmfy5J8iEA
0561-0,PPLTAZ2pBK0,Primary Open-ended Question,Event Counting,How many times does the watch the man is wearing appear in the video?,21.48,Please state your answer with a brief explanation.,,https://www.youtube.com/shorts/PPLTAZ2pBK0
0566-0,jyXFmTycx_k,Primary Open-ended Question,Plot Attribute (Montage),"Based on narration, what is the reason for the inclusion of the scenes with a broken pot of plant?",60.65,Please state your answer with a brief explanation.,,https://www.youtube.com/watch?v=jyXFmTycx_k
0567-0,trYIAMCLeOs,Primary Open-ended Question,Element Localization,What color is the hair of the third person in the video?,56.94,Please state your answer with a brief explanation.,,https://www.youtube.com/shorts/trYIAMCLeOs
0571-0,ragJEXeqcbE,Primary Open-ended Question,Positional Relationship,Where is the ring worn by the man in the video?,50.11,Please state your answer with a brief explanation.,,https://www.youtube.com/shorts/ragJEXeqcbE
0575-0,xW8pfZ5WpNQ,Primary Open-ended Question,Element Attributes (Optical Illusion),What is the two item the little girl in the video is wearing on her feet?,15.57,Please state your answer with a brief explanation.,,https://www.youtube.com/shorts/xW8pfZ5WpNQ
0576-0,3bisVkxCA0c,Primary Open-ended Question,Element Localization,Which girl in the video uses a belt?,13.25,Please state your answer with a brief explanation.,,https://www.youtube.com/shorts/3bisVkxCA0c
0578-0,_hkdNurB1Fk,Primary Open-ended Question,Element Counting,How many people are in the video?,58.09,Please state your answer with a brief explanation.,,https://www.youtube.com/shorts/_hkdNurB1Fk
0580-0,85l_AvYt-XE,Primary Open-ended Question,Event Counting,How many steps did the girl run before she reached the top?,10.97,Please state your answer with a brief explanation.,,https://www.youtube.com/shorts/85l_AvYt-XE
0588-0,y5lL-l01ujA,Primary Open-ended Question,Element Counting,How many drawers are there on the table with the globe?,18.71,Please state your answer with a brief explanation.,,https://www.youtube.com/shorts/y5lL-l01ujA
0589-0,CltBandLYjM,Primary Open-ended Question,Event Localization,Did the person in the video eat all the chocolate in six hours?,40.15,Please state your answer with a brief explanation.,,https://www.youtube.com/shorts/CltBandLYjM
0590-0,bbiCkBWaOL8,Primary Open-ended Question,Character Reaction Causality,"At the end of the video, what made the man in the black jacket scream?",59.3,Please state your answer with a brief explanation.,,https://www.youtube.com/shorts/bbiCkBWaOL8
0595-0,7tVlEGngX0s,Primary Open-ended Question,Element Localization,What items did the boy in the video scores with?,28.84,Please state your answer with a brief explanation.,,https://www.youtube.com/shorts/7tVlEGngX0s
0597-0,c4LTFnR3F0w,Primary Open-ended Question,Element Localization,What are the characteristics of the person holding the camera in the video?,59.93,Please state your answer with a brief explanation.,,https://www.youtube.com/shorts/c4LTFnR3F0w
0600-0,UuJQx4Z8zG4,Primary Open-ended Question,Positional Relationship,Which part of the boy did the orange ball hit in the video?,28.97,Please state your answer with a brief explanation.,,https://www.youtube.com/shorts/UuJQx4Z8zG4
0603-0,mgULlk8dagE,Primary Open-ended Question,Element Localization,"According to the video, what are the characteristics of the person who failed twice in a row and lost the heart-shaped pattern?",46.36,Please state your answer with a brief explanation.,,https://www.youtube.com/shorts/mgULlk8dagE
0607-0,7pTwqG9VM7o,Primary Open-ended Question,Event Localization,"At the end of the video, what is the man doing?",26.94,Please state your answer with a brief explanation.,,https://www.youtube.com/shorts/7pTwqG9VM7o
0609-0,MlPYPW1_a0U,Primary Open-ended Question,Plot Attribute,What is used to determine who should be eliminated in the video?,17.47,Please state your answer with a brief explanation.,,https://www.youtube.com/shorts/MlPYPW1_a0U
0610-0,Ldcs4Venq1Q,Primary Open-ended Question,Character Motivation Causality,Why did the woman throw the package out of the window after writing the information on it in the video?,57.24,Please state your answer with a brief explanation.,,https://www.youtube.com/shorts/Ldcs4Venq1Q
0612-0,qUCG8W5hMdw,Primary Open-ended Question,Character Motivation Causality,"According to the video, why does this person divide the paper into two parts when painting?",58.56,Please state your answer with a brief explanation.,,https://www.youtube.com/shorts/qUCG8W5hMdw
0614-0,JOd2FBcirwk,Primary Open-ended Question,Character Motivation Causality,Why is the men trembling in their hands while eating at the beginning of the video?,60.08,Please state your answer with a brief explanation.,,https://www.youtube.com/shorts/JOd2FBcirwk
0616-0,PN2XQBfWV2M,Primary Open-ended Question,Local Event Attribute,Which colored ball in the video reaches the finish line first?,29.68,Please state your answer with a brief explanation.,,https://www.youtube.com/shorts/PN2XQBfWV2M
0620-0,7pTwqG9VM7o,Primary Open-ended Question,Element Attributes (Optical Illusion),Where is the man in the video standing?,26.94,Please state your answer with a brief explanation.,,https://www.youtube.com/shorts/7pTwqG9VM7o
0621-0,9SzIZz1CDcc,Primary Open-ended Question,Positional Relationship,Which foot of the person in the video is leaning against the wall first?,7.96,Please state your answer with a brief explanation.,,https://www.youtube.com/shorts/9SzIZz1CDcc
0625-0,yQ2YZQhvc2c,Primary Open-ended Question,Displacement Attribute,What is the direction of displacement of the second ball?,24.03,Please state your answer with a brief explanation.,,https://www.youtube.com/shorts/yQ2YZQhvc2c
0627-0,pUIkzB8KebU,Primary Open-ended Question,Displacement Attribute,Who is changing their position in the video?,15.15,Please state your answer with a brief explanation.,,https://www.youtube.com/shorts/pUIkzB8KebU
0633-0,jI5XO3aa5_g,Primary Open-ended Question,Displacement Attribute,What is the direction in which the wheels of the black car turn at the end of the video?,20.03,Please state your answer with a brief explanation.,,https://www.youtube.com/shorts/jI5XO3aa5_g
0643-0,KwKJ6gtOGpQ,Primary Open-ended Question,Displacement Attribute,What is the wind direction on that day based on the video?,6.62,Please state your answer with a brief explanation.,,https://www.youtube.com/shorts/KwKJ6gtOGpQ
0645-0,7mm85XogfLw,Primary Open-ended Question,Positional Relationship,"Relative to the camera perspective, where is the left end of the scarf worn by the student character at the beginning of the video located at the end of the video?",12.78,Please state your answer with a brief explanation.,,https://www.youtube.com/shorts/7mm85XogfLw
0652-0,o77rfiYxaz8,Primary Open-ended Question,Displacement Attribute,What happened to the position of the car after the spin?,12.5,Please state your answer with a brief explanation.,,https://www.youtube.com/shorts/o77rfiYxaz8
0655-0,tc_u7WlfrfU,Primary Open-ended Question,Event Duration & Speed Attribute,Which is faster between the truck and the camera?,10.33,Please state your answer with a brief explanation.,,https://www.youtube.com/shorts/tc_u7WlfrfU
0658-0,i1ki36EMLp8,Primary Open-ended Question,Event Duration & Speed Attribute,Who is faster during the race?,19.8,Please state your answer with a brief explanation.,,https://www.youtube.com/shorts/i1ki36EMLp8
0664-0,v02xe4_I5uY,Primary Open-ended Question,Event Counting,How many times did the woman roll the dice?,56.26,Please state your answer with a brief explanation.,,https://www.youtube.com/shorts/v02xe4_I5uY
0667-0,oI--S1dz9EM,Primary Open-ended Question,Event Counting,How many people participated in the challenge in the video?,45.42,Please state your answer with a brief explanation.,,https://www.youtube.com/shorts/oI--S1dz9EM
0670-0,CCmVxAlwuo0,Primary Open-ended Question,Event Counting,How many children jumped into the water in the video?,43.07,Please state your answer with a brief explanation.,,https://www.youtube.com/shorts/CCmVxAlwuo0
0673-0,nfCZqSebCuE,Primary Open-ended Question,Element Counting,"In the video, how many buckets of real popcorn are shown?",13.51,Please state your answer with a brief explanation.,,https://www.youtube.com/shorts/nfCZqSebCuE
0675-0,wsPyV3igUG4,Primary Open-ended Question,Character Reaction Causality,"After the man on the right revealed how the magic tricks were performed, how did the man on the left feel and why?",43.35,Please state your answer with a brief explanation.,,https://www.youtube.com/shorts/wsPyV3igUG4
0679-0,K7T7JYxlcPo,Primary Open-ended Question,Character Emotion Attribute,"At the end of the video, how does the lady in the white tank top vest feel?",10.22,Please state your answer with a brief explanation.,,https://www.youtube.com/shorts/K7T7JYxlcPo
0689-0,vwajGCpsoJ0,Primary Open-ended Question,Character Motivation Causality,Why did the man in the purple T-shirt change the other man's lock screen wallpaper to his own photo?,19.01,Please state your answer with a brief explanation.,,https://www.youtube.com/shorts/vwajGCpsoJ0
0690-0,l2erI86JxzE,Primary Open-ended Question,Character Motivation Causality,Why is the child lying on the ground?,27.76,Please state your answer with a brief explanation.,,https://www.youtube.com/shorts/l2erI86JxzE
0695-0,DN-gN9LaFGg,Primary Open-ended Question,Plot Attribute,Who won the game?,42.45,Please state your answer with a brief explanation.,,https://www.youtube.com/shorts/DN-gN9LaFGg
0706-0,zLAwp0V1vng,Primary Open-ended Question,Character Motivation Causality,What is the purpose of the actions of the man in the first half of the video?,16.95,Please state your answer with a brief explanation.,,https://www.youtube.com/shorts/zLAwp0V1vng
0707-0,VGmKsn6gx50,Primary Open-ended Question,Character Motivation Causality,What is the purpose of the person in the video running towards the camera?,18.24,Please state your answer with a brief explanation.,,https://www.youtube.com/shorts/VGmKsn6gx50
0708-0,dIKw3x7iLUo,Primary Open-ended Question,Character Reaction Causality,What is the reason for the cat screaming in the last shot?,18.9,Please state your answer with a brief explanation.,,https://www.youtube.com/shorts/dIKw3x7iLUo
0721-0,ir89-1OXw5U,Primary Open-ended Question,Element Attributes (Optical Illusion),What is the man in sunglasses holding in his hand?,32.97,Please state your answer with a brief explanation.,,https://www.youtube.com/shorts/ir89-1OXw5U
0723-0,pUIkzB8KebU,Primary Open-ended Question,Objective Causality,Why does the little monster in the video look like it's active?,15.15,Please state your answer with a brief explanation.,,https://www.youtube.com/shorts/pUIkzB8KebU
0724-0,9Iof4qwbrwQ,Primary Open-ended Question,Objective Causality,"Why does the pen pass through the banknote, but the note is not broken?Please explain how a banknote is folded.",43.99,Please state your answer with a brief explanation.,,https://www.youtube.com/shorts/9Iof4qwbrwQ
0725-0,PVMqxKAXDQo,Primary Open-ended Question,Objective Causality,Why has the drink in the bottle in the video decreased?,58.11,Please state your answer with a brief explanation.,,https://www.youtube.com/shorts/PVMqxKAXDQo
0729-0,fj2WYT0qBWA,Primary Open-ended Question,Element Attributes (Optical Illusion),Which color of the long strips is the shortest in the video?,10.45,Please state your answer with a brief explanation.,,https://www.youtube.com/shorts/fj2WYT0qBWA
0731-0,oSyWpIh4vF8,Primary Open-ended Question,Element Attributes (Optical Illusion),"Based on dual perception, what else can the old man's nose look like in the video?",9.98,Please state your answer with a brief explanation.,,https://www.youtube.com/shorts/oSyWpIh4vF8
0735-0,fBExhFE2-ew,Primary Open-ended Question,Objective Causality (Videography Phenomenon & Illusion),"In the second segment in the video, how did the scenery on the artboard come about?",51.05,Please state your answer with a brief explanation.,,https://www.youtube.com/shorts/fBExhFE2-ew
0738-0,YpwGoqs1zjA,Primary Open-ended Question,Objective Causality (Videography Phenomenon & Illusion),How did the man in the video film the sky change from black to bright?,13.28,Please state your answer with a brief explanation.,,https://www.youtube.com/shorts/YpwGoqs1zjA
0740-0,AoUnw7jcHhg,Primary Open-ended Question,Professional Knowledge,"For the first math problem shown in the video, what is the third step of the calculation process performed by the person in the explaination?",28.58,Please state your answer with a brief explanation.,,https://www.youtube.com/shorts/AoUnw7jcHhg
0742-0,LiP7IkD0-fk,Primary Open-ended Question,Professional Knowledge,What is the value of x?,36.71,Please state your answer with a brief explanation.,,https://www.youtube.com/shorts/LiP7IkD0-fk
0743-0,Db26nmr_95c,Primary Open-ended Question,Professional Knowledge,What is the answer to the third math question in the video?,37.15,Please state your answer with a brief explanation.,,https://www.youtube.com/shorts/Db26nmr_95c
0749-0,FBXl4t_t0aM,Primary Open-ended Question,Element Attributes,"In the first physics experiment in the video, what substances can pass through the sieve?",59.95,Please state your answer with a brief explanation.,,https://www.youtube.com/shorts/FBXl4t_t0aM
0755-0,HsXS1Qt11cU,Primary Open-ended Question,Element Attributes (Optical Illusion),What is the material of the sponge used for cleaning?,17.62,Please state your answer with a brief explanation.,,https://www.youtube.com/shorts/HsXS1Qt11cU
0757-0,as--BPL2gRQ,Primary Open-ended Question,Positional Relationship,Which foot of the boy in red is in the pit?,5.97,Please state your answer with a brief explanation.,,https://www.youtube.com/shorts/as--BPL2gRQ
0762-0,Jo7sfpeWqwE,Primary Open-ended Question,Element Attributes,What was the second boat made of?,19.69,Please state your answer with a brief explanation.,,https://www.youtube.com/shorts/Jo7sfpeWqwE
0763-0,XNYK4k7hq3Y,Primary Open-ended Question,Element Attributes (Optical Illusion),"Which one is real, the canned coke that was taken away or the canned Coke that is still in the picture?",58.84,Please state your answer with a brief explanation.,,https://www.youtube.com/shorts/XNYK4k7hq3Y
0766-0,eoeIl02oH90,Primary Open-ended Question,Positional Relationship,Which shoulder did the archer use to release the bow?,19.04,Please state your answer with a brief explanation.,,https://www.youtube.com/shorts/eoeIl02oH90
0777-0,LLo9u8GYUU0,Primary Open-ended Question,Event Counting,How many trick shots are shown totally?,59.28,Please state your answer with a brief explanation.,,https://www.youtube.com/shorts/LLo9u8GYUU0
0779-0,jt3v-FRTbrY,Primary Open-ended Question,Objective Causality,"What illusion is achieved in the video, and how?",19.62,Please state your answer with a brief explanation.,,https://www.youtube.com/shorts/jt3v-FRTbrY
0790-0,HPoyer1Ix-o,Primary Open-ended Question,Professional Knowledge,How to adjust the transparent sheet to see the blue tube?,35.78,Please state your answer with a brief explanation.,,https://www.youtube.com/shorts/HPoyer1Ix-o
0794-0,pxtbNUqh3Sc,Primary Open-ended Question,Plot Attribute,"Who in the video is the caption referring to as ""friend"" in the video?",17.14,Please state your answer with a brief explanation.,,https://www.youtube.com/shorts/pxtbNUqh3Sc
0803-0,L4pEorJZ1a0,Primary Open-ended Question,Element Attributes,What was burning in the video?,29.53,Please state your answer with a brief explanation.,,https://www.youtube.com/shorts/L4pEorJZ1a0
0806-0,1dEijri97Qc,Primary Open-ended Question,Element Counting,How many cables were bundled?,19.9,Please state your answer with a brief explanation.,,https://www.youtube.com/shorts/1dEijri97Qc
0810-0,A-PdkbPZs6I,Primary Open-ended Question,Event Counting,How many times did the sausage pop up from the holes?,17.74,Please state your answer with a brief explanation.,,https://www.youtube.com/shorts/A-PdkbPZs6I
0812-0,5NgU4w_qPBg,Primary Open-ended Question,Event Counting,How many times did the person try to place the toy into the drawer?,14.76,Please state your answer with a brief explanation.,,https://www.youtube.com/shorts/5NgU4w_qPBg
0816-0,nqyt42Hj00Y,Primary Open-ended Question,Event Localization,What did the person do at the second experiment?,20.86,Please state your answer with a brief explanation.,,https://www.youtube.com/shorts/nqyt42Hj00Y
0818-0,1_OTyluZCcg,Primary Open-ended Question,Element Attributes,What was the little girl watching nearby holding in her hand?,19.48,Please state your answer with a brief explanation.,,https://www.youtube.com/shorts/1_OTyluZCcg
0827-0,yFHKF8TjT5o,Primary Open-ended Question,Element Counting,How many pandas are there in the video?,9.73,Please state your answer with a brief explanation.,,https://www.youtube.com/shorts/yFHKF8TjT5o
0833-0,E2ILLN8TiPA,Primary Open-ended Question,Event Localization,What does the photo want to show in the fourth segment?,48,Please state your answer with a brief explanation.,,https://www.youtube.com/shorts/E2ILLN8TiPA
0835-0,_tVCT7lNvM4,Primary Open-ended Question,Element Localization,What is visible in the woman's mouth?,60,Please state your answer with a brief explanation.,,https://www.youtube.com/shorts/_tVCT7lNvM4
0841-0,wfszvTxxLkk,Primary Open-ended Question,Positional Relationship,Which eye did the woman wipe with the parrot first in the video?,10.75,Please state your answer with a brief explanation.,,https://www.youtube.com/shorts/wfszvTxxLkk
0848-0,wzf8uN_7hNc,Primary Open-ended Question,Element Attributes (Optical Illusion),Which one is a real cat in the video?,7.83,Please state your answer with a brief explanation.,,https://www.youtube.com/shorts/wzf8uN_7hNc
0854-0,Rjq4L_aIBh0,Primary Open-ended Question,Character Motivation Causality,Why does the operator of the drop tower ride engage in conversation with the visitors?,36.4,Please state your answer with a brief explanation.,,https://www.youtube.com/shorts/Rjq4L_aIBh0
0857-0,POwncb1HzPQ,Primary Open-ended Question,Plot Attribute,What scenario is the woman in the video imitating with her actions?,10.22,Please state your answer with a brief explanation.,,https://www.youtube.com/shorts/POwncb1HzPQ
0858-0,3xCt7E3t3Pc,Primary Open-ended Question,Element Attributes (Optical Illusion),Which armrest did the man in the white short-sleeved shirt initially sit on when he tried to sit on the chair in the video?,53.82,Please state your answer with a brief explanation.,,https://www.youtube.com/shorts/3xCt7E3t3Pc
0865-0,NnjqjqMFdA0,Primary Open-ended Question,Element Counting,"
At the end of the video, how many worms are there?",6.76,Please state your answer with a brief explanation.,,https://www.youtube.com/shorts/NnjqjqMFdA0
0868-0,XCkJcIeGhS0,Primary Open-ended Question,Element Localization,What color is the tool that the person swings at the beginning of the video?,57.75,Please state your answer with a brief explanation.,,https://www.youtube.com/shorts/XCkJcIeGhS0
0870-0,Po_UemYmEyg,Primary Open-ended Question,Character Motivation Causality,Why did this man give his belongings to the photographer?,59.24,Please state your answer with a brief explanation.,,https://www.youtube.com/shorts/Po_UemYmEyg
0871-0,eFW0FRHH1u8,Primary Open-ended Question,Element Attributes (Optical Illusion),What's in the middle of the road?,13.91,Please state your answer with a brief explanation.,,https://www.youtube.com/shorts/eFW0FRHH1u8
0872-0,6O-PTTfiq48,Primary Open-ended Question,Displacement Attribute,"After the man puts down two water bottle packs, which direction did he move the upper pack relative to the camera's perspective?",59.97,Please state your answer with a brief explanation.,,https://www.youtube.com/shorts/6O-PTTfiq48
0875-0,f3fywt6uJBM,Primary Open-ended Question,Element Counting,How many cell phones are on the piano in the video?,60.08,Please state your answer with a brief explanation.,,https://www.youtube.com/shorts/f3fywt6uJBM
0879-0,WVtaMmL93Vs,Primary Open-ended Question,Element Attributes (Optical Illusion),What do people standing on the same plane have in common after the fourth secondï¼Ÿ,15.05,Please state your answer with a brief explanation.,,https://www.youtube.com/shorts/WVtaMmL93Vs
0880-0,0cKKHnAmncI,Primary Open-ended Question,Element Attributes (Optical Illusion),How does the state of direction of the structure change when the person holds up with a hand?,42.98,Please state your answer with a brief explanation.,,https://www.youtube.com/shorts/0cKKHnAmncI
0886-0,5QLh5ias93M,Primary Open-ended Question,Positional Relationship,Where is the watch worn by the man in black in the video?,19.29,Please state your answer with a brief explanation.,,https://www.youtube.com/shorts/5QLh5ias93M
0895-0,7hg7oglAyKc,Primary Open-ended Question,Event Localization,What scene is cut to after a basketball smaller than standard is thrown?,34.99,Please state your answer with a brief explanation.,,https://www.youtube.com/shorts/7hg7oglAyKc
0898-0,fD02ePuiOtU,Primary Open-ended Question,Displacement Attribute,In which direction did the man move the first pillow after it is on the water?,9.49,Please state your answer with a brief explanation.,,https://www.youtube.com/shorts/fD02ePuiOtU
0901-0,pPiXRxb2Vfo,Primary Open-ended Question,Element Counting,"At the beginning of the video, how many rubber bands are held in the hands?",18.24,Please state your answer with a brief explanation.,,https://www.youtube.com/shorts/pPiXRxb2Vfo
0905-0,cUxIb3Pt-hQ,Primary Open-ended Question,Element Attributes (Optical Illusion),"At the beginning of the video, is the slope where the ball is located an uphill or downhill?",31.81,Please state your answer with a brief explanation.,,https://www.youtube.com/shorts/cUxIb3Pt-hQ
0907-0,DP4eZl-4QOY,Primary Open-ended Question,Positional Relationship,What does the dog land on at the end of the video?,16.96,Please state your answer with a brief explanation.,,https://www.youtube.com/shorts/DP4eZl-4QOY
0910-0,7_jo2loOZ9Q,Primary Open-ended Question,Character Motivation Causality,Why does the man in the video keep picking up the child?,47.85,Please state your answer with a brief explanation.,,https://www.youtube.com/shorts/7_jo2loOZ9Q
0914-0,3TSZfcowUus,Primary Open-ended Question,Professional Knowledge,Why is the beer bottle placed under the faucet in the video?,16.75,Please state your answer with a brief explanation.,,https://www.youtube.com/shorts/3TSZfcowUus
0918-0,KOhSr62NQAY,Primary Open-ended Question,Positional Relationship,Which hand does the man put the soap in the box?,20.42,Please state your answer with a brief explanation.,,https://www.youtube.com/shorts/KOhSr62NQAY
0919-0,mtLq3F4lIfY,Primary Open-ended Question,Plot Attribute,How does the man create the rainbow?,40.83,Please state your answer with a brief explanation.,,https://www.youtube.com/shorts/mtLq3F4lIfY
0924-0,ubFbhebEchE,Primary Open-ended Question,Element Localization,"At the end of the video, what is the red object in the hand of the woman in the white top?",24.57,Please state your answer with a brief explanation.,,https://www.youtube.com/shorts/ubFbhebEchE
0926-0,XaP6KFsFnp4,Primary Open-ended Question,Positional Relationship,Which hand is pulling the thread?,13.89,Please state your answer with a brief explanation.,,https://www.youtube.com/shorts/XaP6KFsFnp4
0927-0,2DEz3_PwR80,Primary Open-ended Question,Positional Relationship,With which arm does the man in black in the video hold the child?,18.55,Please state your answer with a brief explanation.,,https://youtube.com/shorts/2DEz3_PwR80
0929-0,9y91My_upXU,Primary Open-ended Question,Plot Attribute (Montage),What are the similarities between the actions of the little girl in the green dress and the little girl in the blue dress in the video?,38.02,Please state your answer with a brief explanation.,,https://youtube.com/shorts/9y91My_upXU
0933-0,bLr422lyAyY,Primary Open-ended Question,Character Motivation Causality,Why did the man in the costume light the fire?,8.62,Please state your answer with a brief explanation.,,https://youtube.com/shorts/bLr422lyAyY
0939-0,vz9D4nqhTyk,Primary Open-ended Question,Element Counting,How many people were there playing roles in the video?,37.68,Please state your answer with a brief explanation.,,https://youtube.com/shorts/vz9D4nqhTyk
0942-0,ly70cIZgrRA,Primary Open-ended Question,Character Motivation Causality,What is the purpose of the man in the video catching the egg with the side of the spatula and breaking it?,30.93,Please state your answer with a brief explanation.,,https://youtube.com/shorts/ly70cIZgrRA
0946-0,JmEOYcf8wiE,Primary Open-ended Question,Positional Relationship,"When the chicken stopped moving, which foot did the man touch?",44.2,Please state your answer with a brief explanation.,,https://youtube.com/shorts/JmEOYcf8wiE
0949-0,GpJpQzdYtL0,Primary Open-ended Question,Plot Attribute,Where does the boss of this company appear in the video?,59.9,Please state your answer with a brief explanation.,,https://www.youtube.com/shorts/GpJpQzdYtL0
0950-0,Pagl1zg0j4A,Primary Open-ended Question,Displacement Attribute,What is the state of motion of the ball when the man strikes the second time?,52.55,Please state your answer with a brief explanation.,,https://www.youtube.com/shorts/Pagl1zg0j4A
0952-0,RLEEXr_WsRQ,Primary Open-ended Question,Element Localization,What colour is the dress of the third person that can be seen clearly in the video?,18.88,Please state your answer with a brief explanation.,,https://www.youtube.com/shorts/RLEEXr_WsRQ
0956-0,Evie7TV-E8s,Primary Open-ended Question,Displacement Attribute,What is the rotation direction of the red stick?,39.72,Please state your answer with a brief explanation.,,https://www.youtube.com/shorts/Evie7TV-E8s
0957-0,DtZdE1P45yQ,Primary Open-ended Question,Displacement Attribute,How did the stuff in the beaker end up on the rod in the second half of the video in brief?,83.22,Please state your answer with a brief explanation.,,https://www.youtube.com/shorts/DtZdE1P45yQ
0973-0,BkFjtOqLNmk,Primary Open-ended Question,Event Localization,When did the man in the gray hoodie on the left in the video get injured?,53.44,Please state your answer with a brief explanation.,,https://www.youtube.com/shorts/BkFjtOqLNmk
0974-0,_a6lFCUYTA4,Primary Open-ended Question,Event Localization,When did the person in the video put the straw into the bottle?,17.45,Please state your answer with a brief explanation.,,https://www.youtube.com/shorts/_a6lFCUYTA4
0976-0,fPW-zkcTRgM,Primary Open-ended Question,Event Localization,Who answers the question first in the first scene of the video?,40.96,Please state your answer with a brief explanation.,,https://www.youtube.com/shorts/fPW-zkcTRgM
0983-0,9btQkaci6kA,Primary Open-ended Question,Plot Attribute,Why is there an appearance of a second person in the video?,27.7,Please state your answer with a brief explanation.,,https://www.youtube.com/shorts/9btQkaci6kA
0985-0,xhCvWSZOo8A,Primary Open-ended Question,Plot Attribute,Does the money in the cup at the end of the video come from the money in the cup at the beginning of the video?,14.44,Please state your answer with a brief explanation.,,https://www.youtube.com/shorts/xhCvWSZOo8A
0995-0,sVsv_cKxmXY,Primary Open-ended Question,Event Localization,What is the answer to the eighth question in the video?,62.29,Please state your answer with a brief explanation.,,https://www.youtube.com/shorts/sVsv_cKxmXY
0996-0,q8cjGfTq5XI,Primary Open-ended Question,Event Localization,Which is the third timer tool allowed to be shown in the video?,59.74,Please state your answer with a brief explanation.,,https://www.youtube.com/shorts/q8cjGfTq5XI
0999-0,TE7YjiQZpZo,Primary Open-ended Question,Event Localization,How does the man who plays Curly go through the branches on the ground?,60.01,Please state your answer with a brief explanation.,,https://www.youtube.com/shorts/TE7YjiQZpZo
1002-0,W7aL-aUocLA,Primary Open-ended Question,Event Localization,"In the first scene, when the fourth stick falls, how does the man catch it?",25.43,Please state your answer with a brief explanation.,,https://www.youtube.com/shorts/W7aL-aUocLA
1009-0,m_H3uWi3_2o,Primary Open-ended Question,Character Emotion Attribute,What is the reaction of the man in the first two scenes after the visitor waved at him?,12.65,Please state your answer with a brief explanation.,,https://www.youtube.com/shorts/m_H3uWi3_2o
1011-0,QV6iOzP_OXY,Primary Open-ended Question,Character Reaction Causality,Why did the woman use hose on the man?,31.95,Please state your answer with a brief explanation.,,https://www.youtube.com/shorts/QV6iOzP_OXY
1018-0,1jh1WQq_fHs,Primary Open-ended Question,Character Emotion Attribute,What's the rapper's reaction after the traffic controller took his microphone?,19.39,Please state your answer with a brief explanation.,,https://www.youtube.com/shorts/1jh1WQq_fHs
1020-0,C4l7rfjX49I,Primary Open-ended Question,Character Emotion Attribute,What's the baby's reaction when they see dad?,13.12,Please state your answer with a brief explanation.,,https://www.youtube.com/shorts/C4l7rfjX49I
1023-0,m_H3uWi3_2o,Primary Open-ended Question,Character Emotion Attribute,What's the man's reaction after the first woman talked to him?,12.65,Please state your answer with a brief explanation.,,https://www.youtube.com/shorts/m_H3uWi3_2o
1031-0,RbdWggNEZGw,Primary Open-ended Question,Character Emotion Attribute,What emotion is the man in a white shirt eating a banana experiencing in the video?,39.72,Please state your answer with a brief explanation.,,https://www.youtube.com/shorts/RbdWggNEZGw
1037-0,y-Ey4mW-BKs,Primary Open-ended Question,Character Motivation Causality,Why does the man make an OK gesture at the end of the video?,57.69,Please state your answer with a brief explanation.,,https://www.youtube.com/shorts/y-Ey4mW-BKs
1044-0,gpeIf-lCeIQ,Primary Open-ended Question,Plot Attribute,What kind of psychological activity is going on in the person under the quilt at the end of the video?,21.23,Please state your answer with a brief explanation.,,https://www.youtube.com/shorts/gpeIf-lCeIQ
1045-0,uXvcjTHtZIs,Primary Open-ended Question,Character Motivation Causality,What is the reason why the person on the left of the video hugs the person wearing the tie-dye hoodie and then lets him go?,20.67,Please state your answer with a brief explanation.,,https://www.youtube.com/shorts/uXvcjTHtZIs
1046-0,X31PraTwwnE,Primary Open-ended Question,Character Motivation Causality,How come the person wearing the black hat in the video suddenly threw the person in the gray T-shirt into the swimming pool?,22.91,Please state your answer with a brief explanation.,,https://www.youtube.com/shorts/X31PraTwwnE
1049-0,3krczYGxVjE,Primary Open-ended Question,Local Event Attribute,What does the person who hits the dog with a slipper while looking at his phone want to express?,36.73,Please state your answer with a brief explanation.,,https://www.youtube.com/shorts/3krczYGxVjE
1051-0,NK6UDnyZf4g,Primary Open-ended Question,Character Motivation Causality,What does the man in black in the video want to express when he bites his hand when he takes a photo?,12.08,Please state your answer with a brief explanation.,,https://www.youtube.com/shorts/NK6UDnyZf4g
1053-0,cSzVOc6h_Us,Primary Open-ended Question,Character Motivation Causality,What does this man in the black T-shirt want to express by raising his black hat?,15.15,Please state your answer with a brief explanation.,,https://www.youtube.com/shorts/cSzVOc6h_Us
1055-0,7Xofsx0XAaM,Primary Open-ended Question,Plot Attribute,What is the enlightenment value of this video?,14.19,Please state your answer with a brief explanation.,,https://www.youtube.com/shorts/7Xofsx0XAaM
1064-0,UKieuClPKvI,Primary Open-ended Question,Character Reaction Causality,Why is the man so surprised at the end of the video?,41.71,Please state your answer with a brief explanation.,,https://www.youtube.com/shorts/UKieuClPKvI
1075-0,GfygSdVWewQ,Primary Open-ended Question,Plot Attribute (Montage),Why does the video splice together shots of this ordinary man and Spider-Man?,60.61,Please state your answer with a brief explanation.,,https://www.youtube.com/shorts/GfygSdVWewQ
1080-0,LD8Br6QMZqg,Primary Open-ended Question,Character Motivation Causality,Why does the man peel the carrot and seems amazed?,44.61,Please state your answer with a brief explanation.,,https://youtube.com/shorts/LD8Br6QMZqg
1081-0,erlagkVhNDI,Primary Open-ended Question,Element Attributes,What does the little green brick represent?,31.49,Please state your answer with a brief explanation.,,https://youtube.com/shorts/erlagkVhNDI
1087-0,v93w7cXDNC0,Primary Open-ended Question,Displacement Attribute,"In which direction is the circle on the left, from the camera perspective moving?",15.12,Please state your answer with a brief explanation.,,https://www.youtube.com/shorts/v93w7cXDNC0
1090-0,myeDvP4Tz4E,Primary Open-ended Question,Element Attributes (Optical Illusion),What does the person's painting on the ground look like from the perspective of a group of sheep in the video?,35.74,Please state your answer with a brief explanation.,,https://www.youtube.com/shorts/myeDvP4Tz4E
1091-0,1BW-MQMdTRQ,Primary Open-ended Question,Element Attributes (Optical Illusion),"Based on dual perception, how many people can be identified in the last video?",14.77,Please state your answer with a brief explanation.,,https://www.youtube.com/shorts/1BW-MQMdTRQ
1095-0,O3DoSbaw4E0,Primary Open-ended Question,Objective Causality (Videography Phenomenon & Illusion),What does the person in the upper left corner do by throwing a small stone into the keg?,8.66,Please state your answer with a brief explanation.,,https://www.youtube.com/shorts/O3DoSbaw4E0
1101-0,budZcalJRO8,Primary Open-ended Question,Character Motivation Causality,"During the shoot, why did the man gradually submerge the piece of paper under water?",10.3,Please state your answer with a brief explanation.,,https://www.youtube.com/shorts/budZcalJRO8
1111-0,CTYUD-TtBPA,Primary Open-ended Question,Element Localization,Who decided to sit down after standing up instead of joining the dance?,16.38,Please state your answer with a brief explanation.,,https://www.youtube.com/shorts/CTYUD-TtBPA
1112-0,1nMiInCRdfU,Primary Open-ended Question,Element Localization,Who took the firework instead of lighter?,31.79,Please state your answer with a brief explanation.,,https://www.youtube.com/shorts/1nMiInCRdfU
1117-0,l9HF9qcNvBs,Primary Open-ended Question,Element Localization,Who made the water overflow and failed the challenge?,58.86,Please state your answer with a brief explanation.,,https://www.youtube.com/shorts/l9HF9qcNvBs
1119-0,JdPIts7RgUM,Primary Open-ended Question,Positional Relationship,Where's the iron bowl when the person in red reacted to the cat and dog picture?,11.97,Please state your answer with a brief explanation.,,https://www.youtube.com/shorts/JdPIts7RgUM
1121-0,NFMqcsBtY30,Primary Open-ended Question,Positional Relationship,Which symbol is the filament light bulb closest to in the control panel?,20.27,Please state your answer with a brief explanation.,,https://www.youtube.com/shorts/NFMqcsBtY30
1122-0,Z5fnnWTVTrI,Primary Open-ended Question,Positional Relationship,"At the end of the video, where is the little man in the overalls with the white bag?",31.25,Please state your answer with a brief explanation.,,https://www.youtube.com/shorts/Z5fnnWTVTrI
1124-0,_uSQXykxzT0,Primary Open-ended Question,Positional Relationship,Where is the egg after the trick performer pushed on it?,17.62,Please state your answer with a brief explanation.,,https://www.youtube.com/shorts/_uSQXykxzT0
1127-0,J_W4i0HkKJ0,Primary Open-ended Question,Positional Relationship,"In the third segment, what is the position of the target basket and the ball shooter, from the perspective of the camera?",20.01,Please state your answer with a brief explanation.,,https://www.youtube.com/shorts/J_W4i0HkKJ0
1130-0,te4-qw7DW6M,Primary Open-ended Question,Professional Knowledge,What color ball moved significantly when the old man swung his arm the largest magnitude?,16.7,Please state your answer with a brief explanation.,,https://www.youtube.com/shorts/te4-qw7DW6M
1134-0,J_W4i0HkKJ0,Primary Open-ended Question,Displacement Attribute,How did the ball of the first throw in the last scene move about when it is released by the person?,20.01,Please state your answer with a brief explanation.,,https://www.youtube.com/shorts/J_W4i0HkKJ0
1137-0,4AqYhTpPpBI,Primary Open-ended Question,Positional Relationship,"When the woman is upside down, which way is the head of the man in white facing?",6.12,Please state your answer with a brief explanation.,,https://www.youtube.com/shorts/4AqYhTpPpBI
1145-0,N2BiQKS3e2Y,Primary Open-ended Question,Event Duration & Speed Attribute,"As an adult, how long does it past between the woman looking at her phone twice?",30.04,Please state your answer with a brief explanation.,,https://www.youtube.com/shorts/N2BiQKS3e2Y
1159-0,0-ugjds_Rz8,Primary Open-ended Question,Element Localization,What are the fifth and seventh items shown in the video?,16.67,Please state your answer with a brief explanation.,,https://www.youtube.com/shorts/0-ugjds_Rz8
1160-0,yTKp6HP2_wU,Primary Open-ended Question,Element Localization,What is the fourth item shown in the video?,27.38,Please state your answer with a brief explanation.,,https://www.youtube.com/shorts/yTKp6HP2_wU
1161-0,9gPw1jw3Ukk,Primary Open-ended Question,Element Localization,What is the color order displayed by the long strip of light for the objects in the video?,11.58,Please state your answer with a brief explanation.,,https://www.youtube.com/shorts/9gPw1jw3Ukk
1162-0,4jmQCgMy1mE,Primary Open-ended Question,Event Localization,"In the menu interface, what is the order of the menu options that are BROWSED?",25.77,Please state your answer with a brief explanation.,,https://www.youtube.com/shorts/4jmQCgMy1mE
1168-0,aWdGWNIye8M,Primary Open-ended Question,Objective Causality (Videography Phenomenon & Illusion),Why did the man in the red hat fall into a hole in the video?,14.58,Please state your answer with a brief explanation.,,https://www.youtube.com/shorts/aWdGWNIye8M
1169-0,RtYbZzlUVxM,Primary Open-ended Question,Objective Causality (Videography Phenomenon & Illusion),Why was the guy in black and white clothes kicked to pieces by the football?,13.24,Please state your answer with a brief explanation.,,https://www.youtube.com/shorts/RtYbZzlUVxM
1170-0,MImfdDB5-K8,Primary Open-ended Question,Objective Causality (Videography Phenomenon & Illusion),How did the containers disappear in the video?,14.05,Please state your answer with a brief explanation.,,https://www.youtube.com/shorts/MImfdDB5-K8
1173-0,YfbZV7u3kMM,Primary Open-ended Question,Objective Causality (Videography Phenomenon & Illusion),Why did the person in the back seat of the car suddenly disappear?,5.53,Please state your answer with a brief explanation.,,https://www.youtube.com/shorts/YfbZV7u3kMM
1175-0,oG45ZbYePtY,Primary Open-ended Question,Objective Causality (Videography Phenomenon & Illusion),How is the bear on the ground made to move in the video?,19.61,Please state your answer with a brief explanation.,,https://www.youtube.com/shorts/oG45ZbYePtY
1176-0,PFlSRwIZ8EM,Primary Open-ended Question,Objective Causality (Videography Phenomenon & Illusion),How did the plant in the man's hand grow larger?,24.15,Please state your answer with a brief explanation.,,https://www.youtube.com/shorts/PFlSRwIZ8EM
1177-0,lJcTCcUJK0I,Primary Open-ended Question,Objective Causality (Videography Phenomenon & Illusion),How did the man suddenly stand on the other boat?,17.71,Please state your answer with a brief explanation.,,https://www.youtube.com/shorts/lJcTCcUJK0I
1178-0,SArRN5FhkYI,Primary Open-ended Question,Objective Causality (Videography Phenomenon & Illusion),Why does a laptop appear in the final scene of the video?,19.41,Please state your answer with a brief explanation.,,https://www.youtube.com/shorts/SArRN5FhkYI
1181-0,ys5re4kXW1I,Primary Open-ended Question,Objective Causality (Videography Phenomenon & Illusion),How did the Colosseum disappear?,12.76,Please state your answer with a brief explanation.,,https://www.youtube.com/shorts/ys5re4kXW1I
1182-0,NFMqcsBtY30,Primary Open-ended Question,Objective Causality (Videography Phenomenon & Illusion),How does the ladder appear beneath the clouds in the video?,20.27,Please state your answer with a brief explanation.,,https://www.youtube.com/shorts/NFMqcsBtY30
1183-0,uYIWSSQNV4w,Primary Open-ended Question,Objective Causality (Videography Phenomenon & Illusion),Why did the sky suddenly darken at the beginning of the video?,13.1,Please state your answer with a brief explanation.,,https://www.youtube.com/shorts/uYIWSSQNV4w
1192-0,RdDzFuX1b1s,Primary Open-ended Question,Objective Causality (Videography Phenomenon & Illusion),Why did a standing sprinkler suddenly appear?,20.65,Please state your answer with a brief explanation.,,https://www.youtube.com/shorts/RdDzFuX1b1s
1203-0,X2muluGbNeo,Primary Open-ended Question,Local Event Attribute,How did the man take out the towel without touching the stream?,18.82,Please state your answer with a brief explanation.,,https://www.youtube.com/shorts/X2muluGbNeo
1206-0,fuAUDvxf_vY,Primary Open-ended Question,Professional Knowledge,Why is the blue paint seemingly spilling unusually?,10.65,Please state your answer with a brief explanation.,,https://www.youtube.com/shorts/fuAUDvxf_vY
1209-0,H-9qGWrW83M,Primary Open-ended Question,Displacement Attribute,How fast is the woman in the photo at the end of the video?,20.67,Please state your answer with a brief explanation.,,https://www.youtube.com/shorts/H-9qGWrW83M
1210-0,diEfe0tsJY8,Primary Open-ended Question,Objective Causality (Videography Phenomenon & Illusion),What is the change in focus of the video shooting?,6.25,Please state your answer with a brief explanation.,,https://www.youtube.com/shorts/diEfe0tsJY8
1214-0,7nnjsL5oc_s,Primary Open-ended Question,Displacement Attribute,What is the motion of the shot when photographing the woman?,5.76,Please state your answer with a brief explanation.,,https://www.youtube.com/shorts/7nnjsL5oc_s
1223-0,FxLooSikc2U,Primary Open-ended Question,Objective Causality (Videography Phenomenon & Illusion),How does the camera view differ in the last throw compared to others?,23.66,Please state your answer with a brief explanation.,,https://www.youtube.com/shorts/FxLooSikc2U
1225-0,#NAME?,Primary Open-ended Question,Objective Causality (Videography Phenomenon & Illusion),Who is mainly visible when the first camera zoom is complete?,,Please state your answer with a brief explanation.,,https://www.youtube.com/shorts/-o7pVduTGVs
1229-0,d-uzkMB14xQ,Primary Open-ended Question,Objective Causality (Videography Phenomenon & Illusion),Why is the object in front of the mirror different from its reflection in the mirror?,10.41,Please state your answer with a brief explanation.,,https://www.youtube.com/shorts/d-uzkMB14xQ
1231-0,BFgfaUrBoks,Primary Open-ended Question,Objective Causality (Videography Phenomenon & Illusion),Why does the water in the waterfall look like it is flowing backwards at the end of the video?,14.98,Please state your answer with a brief explanation.,,https://www.youtube.com/shorts/BFgfaUrBoks
1233-0,vpzN7MFV4YU,Primary Open-ended Question,Objective Causality (Videography Phenomenon & Illusion),Why are there two reflections when there is only one person in the photo?,10.99,Please state your answer with a brief explanation.,,https://www.youtube.com/shorts/vpzN7MFV4YU
1235-0,EvlFEYvsf2Q,Primary Open-ended Question,Professional Knowledge,What's the answer for 4+3= according to the video?,4.48,Please state your answer with a brief explanation.,,https://www.youtube.com/shorts/EvlFEYvsf2Q
1236-0,eDcteTYALgI,Primary Open-ended Question,Professional Knowledge,Is the method useful to produce correct calculation result?,16.95,Please state your answer with a brief explanation.,,https://www.youtube.com/shorts/eDcteTYALgI
1237-0,jTpJa4TF5cQ,Primary Open-ended Question,Professional Knowledge,What's the answer of 9+9=? according to the video?,4.5,Please state your answer with a brief explanation.,,https://www.youtube.com/shorts/jTpJa4TF5cQ
1239-0,3Eh34zhrxMA,Primary Open-ended Question,Professional Knowledge,Is the method useful to produce correct calculation result?,15.1,Please state your answer with a brief explanation.,,https://www.youtube.com/shorts/3Eh34zhrxMA
1242-0,68kf4Xd63rc,Primary Open-ended Question,Plot Attribute,What was the result of this man's magic show?,12.61,Please state your answer with a brief explanation.,,https://www.youtube.com/shorts/68kf4Xd63rc
1255-0,IpHK0Fscq1o,Primary Open-ended Question,Event Localization,After which color being called did the man run underneath?,38.64,Please state your answer with a brief explanation.,,https://www.youtube.com/shorts/IpHK0Fscq1o
1260-0,zHkShLJc41g,Primary Open-ended Question,Character Reaction Causality,Why does the man in white look surprised at the end of the video?,16.75,Please state your answer with a brief explanation.,,https://www.youtube.com/shorts/zHkShLJc41g
1261-0,nBq9a0dz_w4,Primary Open-ended Question,Objective Causality (Videography Phenomenon & Illusion),"Why in the reflection of only one woman reading under a tree, there're two other men visible?",34.2,Please state your answer with a brief explanation.,,https://www.youtube.com/shorts/nBq9a0dz_w4
1262-0,gyynOp1Z9vg,Primary Open-ended Question,Character Emotion Attribute,What's the emotion of the girl in pink top after she held on the performer's arm?,59.61,Please state your answer with a brief explanation.,,https://www.youtube.com/shorts/gyynOp1Z9vg
1275-0,l9HF9qcNvBs,Primary Open-ended Question,Plot Attribute,Who wins the challenge?,58.86,Please state your answer with a brief explanation.,,https://youtube.com/shorts/l9HF9qcNvBs
1276-0,vXUZpRRrIBU,Primary Open-ended Question,Plot Attribute,What does the lemon icon at the top of the video mean?,30.32,Please state your answer with a brief explanation.,,https://youtube.com/shorts/vXUZpRRrIBU
1278-0,X9_PhsoghBI,Primary Open-ended Question,Plot Attribute (Montage),"In the first two challenge, what is the difference in number of attempts?",59.29,Please state your answer with a brief explanation.,,https://www.youtube.com/shorts/X9_PhsoghBI
1283-0,gilRZPVaUiM,Primary Open-ended Question,Event Duration & Speed Attribute,Which kid runs the fastest at the end of the video?,20.85,Please state your answer with a brief explanation.,,https://www.youtube.com/shorts/gilRZPVaUiM
1288-0,YKdNJPfnbLA,Primary Open-ended Question,Character Emotion Attribute,What is the blond man's emotion at the end of the video?,12.52,Please state your answer with a brief explanation.,,https://www.youtube.com/shorts/YKdNJPfnbLA
1290-0,WuoIOYVkN7E,Primary Open-ended Question,Character Emotion Attribute,What is the reaction of the man in the end?,7.96,Please state your answer with a brief explanation.,,https://www.youtube.com/shorts/WuoIOYVkN7E
1293-0,c77XgLraFbM,Primary Open-ended Question,Objective Causality,How did the bottle cap fly in the second scene of the video?,24.45,Please state your answer with a brief explanation.,,https://www.youtube.com/shorts/c77XgLraFbM
1294-0,WbCqk3TIySs,Primary Open-ended Question,Plot Attribute (Montage),"Based on the narrative in the video, why did a piece of meat appear on the grill?",12.08,Please state your answer with a brief explanation.,,https://www.youtube.com/shorts/WbCqk3TIySs
1298-0,WKkCkLRo-Us,Primary Open-ended Question,Objective Causality,Why did the man's football not return to him?,7.71,Please state your answer with a brief explanation.,,https://www.youtube.com/shorts/WKkCkLRo-Us
1299-0,OHk9qAIMKKU,Primary Open-ended Question,Objective Causality,Why did the elevator door close?,7.49,Please state your answer with a brief explanation.,,https://www.youtube.com/shorts/OHk9qAIMKKU
1307-0,BH9b46Sy7jM,Primary Open-ended Question,Event Duration & Speed Attribute,"Past the ramp, what is the change in speed difference between the two tires in terms of forward distance?",29.61,Please state your answer with a brief explanation.,,https://www.youtube.com/shorts/BH9b46Sy7jM
1308-0,KZfOc4Bygfs,Primary Open-ended Question,Event Duration & Speed Attribute,How does the speed of the black missile change in this animation?,24.09,Please state your answer with a brief explanation.,,https://www.youtube.com/shorts/KZfOc4Bygfs
1310-0,xk2yJbDhU0E,Primary Open-ended Question,Event Duration & Speed Attribute,Who used lesser time in completing the game?,28.65,Please state your answer with a brief explanation.,,https://www.youtube.com/shorts/xk2yJbDhU0E
1312-0,_tT2ldpZHek,Primary Open-ended Question,Displacement Attribute,Is the treadmill running while the person in the video is sleeping?,46.34,Please state your answer with a brief explanation.,,https://www.youtube.com/shorts/_tT2ldpZHek
1318-0,3i4wmfNpqRg,Primary Open-ended Question,Character Emotion Attribute,What are the daughter's emotions at the end?,16.38,Please state your answer with a brief explanation.,,https://www.youtube.com/shorts/3i4wmfNpqRg
1321-0,6qHXenlRDH4,Primary Open-ended Question,Character Emotion Attribute,What is the emotion of the girl in braids at the end of the video?,24.32,Please state your answer with a brief explanation.,,https://youtube.com/shorts/6qHXenlRDH4
1324-0,L9dnb-wfsnc,Primary Open-ended Question,Character Reaction Causality,What is the mood of the man and woman at the end of the video? Why is this sentiment caused?,28.67,Please state your answer with a brief explanation.,,https://www.youtube.com/shorts/L9dnb-wfsnc
1329-0,x5JHiogS_nM,Primary Open-ended Question,Character Reaction Causality,What is the mood of the woman at the end of the video? Whyï¼Ÿ,16.21,Please state your answer with a brief explanation.,,https://www.youtube.com/shorts/x5JHiogS_nM
1344-0,eLJNa61S4RE,Primary Open-ended Question,Character Reaction Causality,"In this video, why does the child smile after the injection?",18.35,Please state your answer with a brief explanation.,,https://www.youtube.com/shorts/eLJNa61S4RE
